filename,basic_ntokens,basic_ntypes,basic_ncontent_tokens,basic_ncontent_types,basic_nfunction_tokens,basic_nfunction_types,lexical_density_types,lexical_density_tokens,simple_ttr_aw,root_ttr_aw,log_ttr_aw,maas_ttr_aw,mattr50_aw,msttr50_aw,hdd42_aw,mtld_original_aw,mtld_ma_bi_aw,mtld_ma_wrap_aw
4.txt,235,118,125,79,110,39,0.6694915254237288,0.5319148936170213,0.502127659574468,7.697471262030618,0.8738180970160176,0.05321733088781637,0.8134408602150534,0.8049999999999999,0.8120422324291007,71.94520001636126,74.13569273275894,73.37021276595745
3.txt,129,70,61,41,68,29,0.5857142857142857,0.4728682170542636,0.5426356589147286,6.163156344279367,0.8742097201604621,0.05959958926441599,0.7915,0.78,0.7789377866405676,64.83789289871945,67.76152073732719,63.395348837209305
2.txt,68,51,39,31,29,20,0.6078431372549019,0.5735294117647058,0.75,6.18465843842649,0.9318209391823413,0.03720530925929978,0.8442105263157896,0.8,0.8314709873094414,76.16000000000001,0.0,70.28787878787878
0.txt,135,56,65,34,70,22,0.6071428571428571,0.48148148148148145,0.4148148148148148,4.819712608613674,0.820616962872078,0.08420419362485569,0.5062790697674419,0.51,0.6566274950736026,27.762770897832816,24.646560196560195,34.925925925925924
1.txt,235,95,119,59,116,36,0.6210526315789474,0.5063829787234042,0.40425531914893614,6.197116694007701,0.8341067064162294,0.06996564553189426,0.7274193548387099,0.72,0.7489906283409028,48.53544277789192,47.821803461753206,45.8468085106383
