response	reasonableness	effectiveness	overall	impact_0	impact_1	impact_2	quality	clarity	justification_0	justification_1	justification_2	justification_3	interactivity_0	interactivity_1	interactivity_2	interactivity_3	cgood_0	cgood_1	cgood_2	story	reference	posEmotion	negEmotion	empathy	argumentative	narration	proposal	QforJustification	cogency	respect_0	respect_1	respect_2
The first three answers are wrong because they are not cities. The correct answer is Paris.	2.586285352706909	2.716937303543091	2.663419246673584	0.14441144466400146	3.301789774923236e-06	0.8555852770805359	0.4855426847934723	0.27698466181755066	0.6765691637992859	0.28229182958602905	0.040570151060819626	0.0005688837845809758	0.1544712483882904	0.4260547459125519	0.3702560365200043	0.04921795055270195	0.9289835095405579	0.06763071566820145	0.0033857799135148525	0.18516400456428528	0.9796006083488464	0.0036570897791534662	0.15848155319690704	0.0008179211872629821	0.4376288950443268	0.3297681212425232	0.004624956753104925	0.42459636926651	2.764247179031372	0.008644436486065388	0.9699025750160217	0.021452922374010086
The first three answers are wrong because they are not cities. The correct answer is Rome.	2.4588654041290283	2.6807291507720947	2.587298631668091	0.7681674361228943	1.2919017535750754e-06	0.23183125257492065	0.48818621039390564	0.36909496784210205	0.6763783693313599	0.2756570279598236	0.04730353131890297	0.0006610705750063062	0.11955413967370987	0.4912598729133606	0.3475207984447479	0.04166525602340698	0.9203231334686279	0.07762875407934189	0.002048217924311757	0.20113305747509003	0.9805198311805725	0.0028293959330767393	0.14033940434455872	0.0007984347175806761	0.3977472186088562	0.32739993929862976	0.004458772949874401	0.42355963587760925	2.68717098236084	0.006559554021805525	0.9619460105895996	0.031494494527578354
