{
    "model": "LogisticRegression",
    "feat_set": "col-rfe",
    "coefficients": {
        "Interest/Enthusiasm_GALC": -0.8363973901641119,
        "Positive_GALC": -0.786959417490077,
        "Trust_EmoLex": 0.4312269250841633,
        "vader_neutral": 0.6386812305638607,
        "vader_positive": -0.47464134622688237,
        "hu_liu_pos_nwords": -0.402139945363553,
        "hu_liu_prop": -0.42350484801068894,
        "Pstv_GI": 0.5220208509191167,
        "Arousal_GI": 0.5555730193718549,
        "Male_GI": 0.4559987742982705,
        "Female_GI": 0.6867682765206107,
        "Place_GI": -0.4287323168003073,
        "Sky_GI": -1.3295610982399833,
        "Object_GI": 0.35577674697191425,
        "Say_GI": 0.8290283801605007,
        "Means_GI": 0.7932528735183009,
        "Complet_GI": -0.578813161420179,
        "Exert_GI": 0.3287697186077245,
        "Fetch_GI": 0.559947266307677,
        "Travel_GI": 0.3701925452811081,
        "Know_GI": -1.5127726217623294,
        "Solve_GI": -0.5494821360619893,
        "Quan_GI": -0.6648238531279349,
        "Ord_GI": -0.19274521229440755,
        "Rel_GI": 0.6423625551863054,
        "Powpt_Lasswell": 0.6923212459031262,
        "Enlgain_Lasswell": 0.9450357619550711,
        "Trngain_Lasswell": 0.6564317894301037,
        "Tranlw_Lasswell": 0.554276403408351,
        "Posaff_Lasswell": -0.7424942765521397,
        "If_Lasswell": -0.8976138417708174,
        "Notlw_Lasswell": 1.0096844938175877,
        "Timespc_Lasswell": -0.614015755594953,
        "Anger_GALC_neg_3": -0.33680941470331344,
        "Beingtouched_GALC_neg_3": 0.5907461701811232,
        "Relaxation/Serenity_GALC_neg_3": -0.01223804687044504,
        "Relief_GALC_neg_3": 0.9230812497199022,
        "Dominance_nwords_neg_3": 1.3861762134992015,
        "attention_neg_3": -1.4952214529047694,
        "sensitivity_neg_3": -0.6715464822027863,
        "aptitude_neg_3": -0.786109464198547,
        "Active_GI_neg_3": 0.4316163328763341,
        "Polit_2_GI_neg_3": 0.9241738518486617,
        "Polit_GI_neg_3": 0.5859272579650295,
        "Hu_GI_neg_3": 0.5707982941675305,
        "Bldgpt_GI_neg_3": -0.3224638870469402,
        "Goal_GI_neg_3": 0.5491449955448675,
        "Compare_GI_neg_3": 0.810971075535807,
        "Dist_GI_neg_3": 0.44797857275330294,
        "Intrj_GI_neg_3": 0.7154669141839198,
        "Powaren_Lasswell_neg_3": 0.6451001974347693,
        "Powdoct_Lasswell_neg_3": -0.7147637982833999,
        "Powoth_Lasswell_neg_3": -0.7917931809679767,
        "Powtot_Lasswell_neg_3": -0.521375991127027,
        "Rcethic_Lasswell_neg_3": 0.41414142684488964,
        "Wlbgain_Lasswell_neg_3": -0.5186129791299363,
        "Nation_Lasswell_neg_3": 0.7991461222729332,
        "formlw_Lasswell_neg_3": 0.3611689297146184,
        "Amusement_GALC_nouns": -0.45798062850378585,
        "Boredom_GALC_nouns": 0.3326026492712326,
        "Contentment_GALC_nouns": 0.5904086894184889,
        "Interest/Enthusiasm_GALC_nouns": -0.8148830673988018,
        "Lust_GALC_nouns": 0.4467741269051438,
        "Surprise_EmoLex_nouns": -0.8755055254911058,
        "Arousal_nwords_nouns": 0.42964552541628104,
        "vader_negative_nouns": -1.267966156858644,
        "hu_liu_pos_perc_nouns": 0.49781985056145406,
        "Hostile_GI_nouns": -0.8211529243062987,
        "Weak_GI_nouns": 0.2913433465586442,
        "Passive_GI_nouns": 0.6367983155869136,
        "Feel_GI_nouns": 0.4937212405868084,
        "Virtue_GI_nouns": 0.6774781326763079,
        "Relig_GI_nouns": 0.40244061112332136,
        "Work_GI_nouns": -0.6748431800065186,
        "Female_GI_nouns": -0.6435140424880986,
        "Bodypt_GI_nouns": 0.7170584418357981,
        "Means_GI_nouns": 0.6641643081473233,
        "Begin_GI_nouns": -0.6098584803296355,
        "Know_GI_nouns": 0.7967513736899204,
        "Rel_GI_nouns": -0.6349796371550391,
        "Dav_GI_nouns": -0.259064772447861,
        "Powgain_Lasswell_nouns": -0.4717013440411436,
        "Rcethic_Lasswell_nouns": -1.117084339856908,
        "Rcends_Lasswell_nouns": -0.6274824416708721,
        "Rsploss_Lasswell_nouns": 0.3656634243228848,
        "Wltpt_Lasswell_nouns": 0.6568029285739357,
        "Wlbpsyc_Lasswell_nouns": 0.0732730755627966,
        "Enlgain_Lasswell_nouns": 1.3778447854667708,
        "Sklpt_Lasswell_nouns": -0.2571601566864953,
        "Tranlw_Lasswell_nouns": 0.5828658247226728,
        "Meanslw_Lasswell_nouns": -0.6272557363462268,
        "Ptlw_Lasswell_nouns": 0.8750375341925076,
        "Negaff_Lasswell_nouns": -0.4035670945971463,
        "Notlw_Lasswell_nouns": -0.7167492946765482,
        "Boredom_GALC_verbs": 0.015043288600735465,
        "Disgust_GALC_verbs": -0.418908181636683,
        "Interest/Enthusiasm_GALC_verbs": 0.2314933809655777,
        "Surprise_GALC_verbs": -0.39696020270228216,
        "Negative_GALC_verbs": -0.6205975287074058,
        "Anger_EmoLex_verbs": 0.5774596247088392,
        "pleasantness_verbs": 0.6821734917346126,
        "attention_verbs": -0.3035757978300065,
        "hu_liu_neg_nwords_verbs": -0.30757188216084624,
        "hu_liu_prop_verbs": -0.6020027540606282,
        "Hostile_GI_verbs": 0.6190646092699887,
        "Power_GI_verbs": -0.8012783619153144,
        "Submit_GI_verbs": -0.8718656164423781,
        "Active_GI_verbs": -0.2513221686082427,
        "Passive_GI_verbs": -0.8251522400788525,
        "Pain_GI_verbs": -0.3937084714001085,
        "Feel_GI_verbs": -0.4179301825627985,
        "Arousal_GI_verbs": 0.6761965989809786,
        "Exprsv_GI_verbs": -0.7033066857601186,
        "Work_GI_verbs": 0.4038076627782074,
        "Male_GI_verbs": 0.6161607650289612,
        "Place_GI_verbs": -0.38793582530909687,
        "Object_GI_verbs": -0.3341589111965342,
        "Comform_GI_verbs": -0.9382805800685015,
        "Fail_GI_verbs": 0.2253963499567937,
        "Begin_GI_verbs": -0.6568962318870633,
        "Decreas_GI_verbs": -1.0962247778181287,
        "Exert_GI_verbs": 0.674136837863046,
        "Fall_GI_verbs": 0.9219412475330289,
        "Know_GI_verbs": 0.825642093403033,
        "Perceiv_GI_verbs": 0.4623491735373768,
        "Quality_GI_verbs": -0.9572638359790497,
        "Ord_GI_verbs": 0.46229765192562017,
        "Freq_GI_verbs": -0.2823096165113809,
        "Time_2_GI_verbs": 0.6374173821291059,
        "Powpt_Lasswell_verbs": 1.0877596779162988,
        "Powtot_Lasswell_verbs": -0.5535561228606766,
        "Rcethic_Lasswell_verbs": 0.5660072134163712,
        "Rspoth_Lasswell_verbs": 0.4620151569930087,
        "Afftot_Lasswell_verbs": 0.8147733677402637,
        "Wlbloss_Lasswell_verbs": -0.5201271312783102,
        "Wlbphys_Lasswell_verbs": -0.4133031927861378,
        "Enlgain_Lasswell_verbs": -0.860158856091123,
        "Sklasth_Lasswell_verbs": 0.13434729293934672,
        "Trngain_Lasswell_verbs": 0.5149173456104763,
        "Endslw_Lasswell_verbs": 0.6131628079619742,
        "Posaff_Lasswell_verbs": -0.34480413515644126,
        "If_Lasswell_verbs": -0.7452023989625843,
        "formlw_Lasswell_verbs": 0.38069633377977674,
        "Amusement_GALC_adjectives": 0.558358174829561,
        "Boredom_GALC_adjectives": -0.5151825196771868,
        "Hope_GALC_adjectives": -0.6586322780480355,
        "Interest/Enthusiasm_GALC_adjectives": 0.13947627979707558,
        "Sadness_GALC_adjectives": 0.6392987776066134,
        "Disgust_EmoLex_adjectives": 0.5636734105871474,
        "Joy_EmoLex_adjectives": 0.5898985574623075,
        "Surprise_EmoLex_adjectives": -0.33011570680245783,
        "Valence_nwords_adjectives": -0.7381831474987768,
        "hu_liu_pos_nwords_adjectives": 0.7837850731127503,
        "hu_liu_neg_nwords_adjectives": 0.718218857944256,
        "Doctrin_GI_adjectives": 0.456965566242311,
        "Econ_2_GI_adjectives": -0.6188607099488534,
        "Milit_GI_adjectives": 0.4621180471368763,
        "Role_GI_adjectives": -0.7970752749025816,
        "Kin_2_GI_adjectives": -0.4541905600870653,
        "Bldgpt_GI_adjectives": 1.0339980387417482,