{
    "model": "LogisticRegression",
    "feat_set": "col-rfe-kbest",
    "coefficients": {
        "Interest/Enthusiasm_GALC": -0.9100589467565171,
        "Positive_GALC": -0.6574870534131487,
        "vader_neutral": -0.13710431562921288,
        "vader_positive": -0.36132972523919216,
        "hu_liu_pos_nwords": 0.12293594282731718,
        "hu_liu_prop": 0.02669251598124747,
        "Male_GI": 0.3513178342171363,
        "Female_GI": 0.46060446229232677,
        "Object_GI": 0.2534526755546938,
        "Exert_GI": 0.35011834663898633,
        "Fetch_GI": 0.21831385256939767,
        "Travel_GI": 0.4926164156342053,
        "Know_GI": -0.527589334119665,
        "Quan_GI": -0.6624211026087521,
        "Ord_GI": 0.08352324530088101,
        "Rel_GI": 0.31775545672559474,
        "Powpt_Lasswell": 0.5526962046050232,
        "Enlgain_Lasswell": 0.5135913618133698,
        "Trngain_Lasswell": 0.8831996453355476,
        "If_Lasswell": -0.9045271566631314,
        "Notlw_Lasswell": 0.8524246427747256,
        "Beingtouched_GALC_neg_3": 1.0883427911001422,
        "Relaxation/Serenity_GALC_neg_3": -0.015360133492750635,
        "Dominance_nwords_neg_3": 1.180026608958001,
        "attention_neg_3": -1.3072370953701062,
        "Active_GI_neg_3": 0.38994742044219316,
        "Polit_2_GI_neg_3": 0.8986390966729375,
        "Polit_GI_neg_3": 0.12427018023444161,
        "Hu_GI_neg_3": 0.5417777861741494,
        "Dist_GI_neg_3": 0.40772561429523335,
        "Intrj_GI_neg_3": 0.9066434891657086,
        "Powaren_Lasswell_neg_3": 0.47362258297364324,
        "Powoth_Lasswell_neg_3": -0.11913534380792742,
        "Powtot_Lasswell_neg_3": -0.4270003973971562,
        "Nation_Lasswell_neg_3": 0.6215431779110857,
        "formlw_Lasswell_neg_3": 0.13631604175014192,
        "Interest/Enthusiasm_GALC_nouns": -0.7886929624940818,
        "Lust_GALC_nouns": 0.5551397841414808,
        "Arousal_nwords_nouns": 0.415787482382064,
        "vader_negative_nouns": -0.9441387437733472,
        "Hostile_GI_nouns": -0.6134370654487329,
        "Weak_GI_nouns": 0.24621333282415656,
        "Passive_GI_nouns": 0.9494929281355218,
        "Bodypt_GI_nouns": 0.8166706979325467,
        "Powgain_Lasswell_nouns": -0.4573215898797315,
        "Rcethic_Lasswell_nouns": -0.9371635592540074,
        "Enlgain_Lasswell_nouns": 1.7904699901617953,
        "Tranlw_Lasswell_nouns": 0.7123790352923772,
        "Notlw_Lasswell_nouns": -0.7269309652605901,
        "Surprise_GALC_verbs": -0.4496527552053536,
        "attention_verbs": -0.04830131710858319,
        "hu_liu_prop_verbs": -0.4993255289372083,
        "Power_GI_verbs": -0.42992801948785453,
        "Submit_GI_verbs": -0.8509578277523412,
        "Passive_GI_verbs": -0.4434954920395964,
        "Pain_GI_verbs": -0.4858464649857896,
        "Work_GI_verbs": 0.4955938068938371,
        "Male_GI_verbs": 0.5600924166261713,
        "Place_GI_verbs": -0.32261967282229365,
        "Fail_GI_verbs": 0.4465052367291078,
        "Decreas_GI_verbs": -0.9063722431493931,
        "Exert_GI_verbs": 0.617358984862611,
        "Know_GI_verbs": 0.3917234470394666,
        "Freq_GI_verbs": -0.28063859379478046,
        "Powpt_Lasswell_verbs": 0.8834519795113549,
        "Powtot_Lasswell_verbs": -0.5750711535981727,
        "Afftot_Lasswell_verbs": 0.9169605264076431,
        "Wlbphys_Lasswell_verbs": -0.3608864356677003,
        "Sklasth_Lasswell_verbs": -0.21933622509350983,
        "Posaff_Lasswell_verbs": -0.28955578059443354,
        "If_Lasswell_verbs": -0.6222354922833249,
        "Amusement_GALC_adjectives": 0.550171428278341,
        "Boredom_GALC_adjectives": -0.5813375006432312,
        "Hope_GALC_adjectives": -0.7270096041919949,
        "Surprise_EmoLex_adjectives": -0.2163947444196274,
        "Valence_nwords_adjectives": -0.42899933851120264,
        "Milit_GI_adjectives": 0.4863044444340222,
        "Kin_2_GI_adjectives": -0.5213300072754763,
        "Stay_GI_adjectives": -0.5899808351607626,
        "Color_GI_adjectives": 0.5298029637336117,
        "Rspoth_Lasswell_adjectives": 0.43355115535383887,
        "Wlttran_Lasswell_adjectives": 0.47875051605123903,
        "Wlbloss_Lasswell_adjectives": 0.4227143101813163,
        "Wlbpsyc_Lasswell_adjectives": -0.3868156056708398,
        "Wlbpt_Lasswell_adjectives": 0.05399817073413753,
        "Contentment_GALC_adverbs": -0.567236974551301,
        "Sadness_EmoLex_adverbs": -1.1166044563769124,
        "vader_compound_adverbs": -0.5381846353154733,
        "Eval_GI_adverbs": 0.9305496066314547,
        "Sv_GI_adverbs": 1.0179488721438488,
        "Powcoop_Lasswell_adverbs": 1.1214046444930847,
        "Wlbpsyc_Lasswell_adverbs": 0.42153710335676053,
        "Hatred_GALC_nouns_neg_3": -0.450236793063232,
        "Tension/Stress_GALC_nouns_neg_3": -0.6979549818181391,
        "Dominance_nouns_neg_3": 1.5126500805265255,
        "hu_liu_neg_nwords_nouns_neg_3": 0.9365314535205083,
        "Comform_GI_nouns_neg_3": -1.1694164829994205,
        "Causal_GI_nouns_neg_3": -1.1136614316607418,
        "Color_GI_nouns_neg_3": -0.9418399013841,
        "Sv_GI_nouns_neg_3": -1.0079821409917142,
        "Wlttran_Lasswell_nouns_neg_3": 0.7387091911756831,
        "Sadness_GALC_verbs_neg_3": -0.03598154337156049,
        "sensitivity_verbs_neg_3": 0.18663902577698807,
        "hu_liu_pos_nwords_verbs_neg_3": -0.5825469196940339,
        "Undrst_GI_verbs_neg_3": 0.28576187017773175,
        "Stay_GI_verbs_neg_3": 0.5612421311987147,
        "Yes_GI_verbs_neg_3": 0.2844580242454865,
        "Powoth_Lasswell_verbs_neg_3": -0.655370350046885,
        "Rcrelig_Lasswell_verbs_neg_3": 0.8340896861771281,
        "Enloth_Lasswell_verbs_neg_3": 0.548182988698459,
        "Arenalw_Lasswell_verbs_neg_3": 0.23961174108932995,
        "Ptlw_Lasswell_verbs_neg_3": -0.6786948411427803,
        "Weak_GI_adjectives_neg_3": 0.2773851134553973,
        "Submit_GI_adjectives_neg_3": 0.5762446991234069,
        "Legal_GI_adjectives_neg_3": -0.5932010668191433,
        "Bodypt_GI_adjectives_neg_3": -0.6923891325338505,
        "Goal_GI_adjectives_neg_3": -0.4563625654687623,
        "Means_GI_adjectives_neg_3": -0.5482734363616567,
        "Travel_GI_adjectives_neg_3": 0.7023850838089175,
        "Freq_GI_adjectives_neg_3": 0.3103489562256895,
        "Powends_Lasswell_adjectives_neg_3": 0.734098255372605,
        "Powpt_Lasswell_adjectives_neg_3": 0.3104735198074252,
        "Powtot_Lasswell_adjectives_neg_3": 0.3408849245851806,
        "Rsploss_Lasswell_adjectives_neg_3": -0.6554406775324085,
        "Tranlw_Lasswell_adjectives_neg_3": 0.8089506093156851,
        "Anticipation_EmoLex_adverbs_neg_3": -0.7093645926617795,
        "aptitude_adverbs_neg_3": 0.5874148925026111,
        "Ovrst_GI_adverbs_neg_3": 0.5713279973857518,
        "Causal_GI_adverbs_neg_3": 0.20160987014288825,
        "Quan_GI_adverbs_neg_3": -0.6625492584405224,
        "Dim_GI_adverbs_neg_3": 0.5653378864310357,
        "Powloss_Lasswell_adverbs_neg_3": 0.6221288077631598,
        "basic_nfunction_types": -0.919577874651381,
        "lexical_density_tokens": 1.0905000704992094,
        "mtld_ma_wrap_aw": 0.0046975095868930835,
        "flesch": 0.44325142998475386,
        "ttr": 0.905391823875115,
        "past_tense": 0.44730223090385635,
        "first_person": 0.8704663164071419,
        "SCONJ": 0.42155444002953124,
        "ADV": 0.3440039426081066,
        "ADP": 0.9020606710669914,
        "entities": 0.5810620362863455
    },
    "intercept": -2.1516675547902797,
    "scores": {
        "False": {
            "precision": 0.6581196581196581,
            "recall": 0.4695121951219512,
            "f1-score": 0.5480427046263344,
            "support": 164.0
        },
        "True": {
            "precision": 0.6925795053003534,
            "recall": 0.8305084745762712,
            "f1-score": 0.7552986512524085,
            "support": 236.0
        },
        "accuracy": 0.6825,