{
    "model": "LogisticRegression",
    "feat_set": "",
    "coefficients": {
        "Abs_GI_neg_3": -0.7310476084429989,
        "Surprise_GALC_nouns_neg_3": -0.5048452594078298,
        "lexical_density_tokens": -0.09791645850475553,
        "Powoth_Lasswell_nouns": 0.7769163598316362,
        "Anticipation_EmoLex_adjectives": -0.7038200254736635,
        "Sv_GI_verbs_neg_3 flesch": -0.03966703694919431,
        "Comnobj_GI_adjectives_neg_3": -0.9404303666040478,
        "Know_GI_adverbs_neg_3": 0.30545023460876325,
        "Sv_GI_verbs_neg_3 NOUN": 0.9022425541577554,
        "hu_liu_prop_adjectives": 0.22493050559818065,
        "Rise_GI_verbs_neg_3": 0.5799971920160581,
        "Anxiety_GALC_adjectives": -0.30252400824517234,
        "Anger_GALC_verbs": 0.3966982783704696,
        "flesch": -0.24753412373745182,
        "Nation_Lasswell": 0.6884461321255853,
        "Causal_GI_nouns": -0.5862843722309724,
        "Bldgpt_GI_adverbs_neg_3": 0.1753530232019034,
        "Intrj_GI_neg_3": 0.26786155464892103,
        "sensitivity": -0.6003902916082133,
        "Quan_GI_nouns_neg_3": 1.190465094259261,
        "Ani_GI_adverbs": 0.40862959495474405,
        "Negaff_Lasswell": -0.30766998954590946,
        "Goal_GI_neg_3": 0.4903723425231524,
        "vader_neutral Comform_GI_verbs": 0.5190642510901557,
        "Affgain_Lasswell_verbs": 0.3410857828836725,
        "Powcoop_Lasswell_adjectives": -0.6729805350834241,
        "Contempt_GALC_neg_3": 0.5961022855891119,
        "attention_neg_3": -0.5911334100478808,
        "vader_neutral Eval_GI_adverbs_neg_3": 0.5047123972282591,
        "Surprise_EmoLex_verbs_neg_3": 0.3833062556731961,
        "hu_liu_prop_verbs": -1.0700510158401697,
        "Begin_GI_nouns": -0.8376426019901341,
        "Polit_GI_adverbs_neg_3": 0.6191169165751234,
        "Passive_GI": 1.5898523873822672,
        "Skloth_Lasswell_adjectives": -0.5696375428874146,
        "Rel_GI_adverbs_neg_3": 0.6549174536388215,
        "flesch VERB": 0.08876507799474681,
        "Pleasur_GI_nouns_neg_3": 0.5021791117344937,
        "Dist_GI_neg_3": 1.0495569280290076,
        "Sadness_GALC_nouns_neg_3": -0.5732349133749702,
        "Relaxation/Serenity_GALC_nouns_neg_3": -0.7908473106639022,
        "Compare_GI_neg_3": 1.8815989869955314,
        "Quality_GI_adverbs": 0.8256197873062727,
        "Trngain_Lasswell_verbs": 0.8386884965390569,
        "Powaupt_Lasswell": -0.8586745510080322,
        "Disgust_EmoLex_verbs": -0.6506809678611928,
        "Rsploss_Lasswell_nouns_neg_3": -1.1330933123599845,
        "Anger_EmoLex_adverbs_neg_3": 0.9378504233153911,
        "Fear_GALC_adjectives_neg_3": 0.7499034062293911,
        "Object_GI_verbs": -0.5315074812011066,
        "Rel_GI_adjectives": -0.7463345856214746,
        "Notlw_Lasswell_nouns_neg_3": 0.7594569146268737,
        "Powgain_Lasswell_adjectives_neg_3": -0.4847587261137097,
        "Powaupt_Lasswell_adjectives": 0.4340757344993313,
        "Pstv_GI_adjectives": -0.3250610931395155,
        "Race_GI_adjectives": -0.6412563636939858,
        "Enloth_Lasswell_adjectives": -0.9423713876796872,
        "Legal_GI_adjectives_neg_3": -0.913224472629637,
        "Travel_GI_verbs": 0.5371695149836073,
        "Rspoth_Lasswell_nouns_neg_3": -0.38685811942803283,
        "Ipadj_GI": 0.7197462477597102,
        "Region_GI_adjectives": -0.6813044980247867,
        "vader_neutral Wlttot_Lasswell_neg_3": 0.6177519372885034,
        "Say_GI_neg_3": 1.9236013004222898,
        "Anger_GALC_adverbs_neg_3": -0.49126607395674554,
        "If_Lasswell attention_verbs": -0.07547427772164408,
        "Comform_GI_verbs": 0.15005009253996884,
        "Powaupt_Lasswell_verbs_neg_3": 0.5495790593391523,
        "Yes_GI": 0.7522125241678492,
        "Region_GI_adverbs_neg_3": -0.8705498942107304,
        "Role_GI_adjectives": -1.1798357128217773,
        "Increas_GI_nouns": -0.4914881871705973,
        "Disgust_GALC_adjectives": 0.47154884671540626,
        "Trust_EmoLex_adverbs_neg_3": 0.84291581483373,
        "Powgain_Lasswell": -0.6257306909569296,
        "Know_GI": -1.1598000634806225,
        "Abs_GI_adverbs_neg_3": -1.222332206506064,
        "Boredom_GALC_verbs": 0.9735672668575491,
        "vader_neutral Intrj_GI_neg_3": 0.4475556546706309,
        "Know_GI attention_neg_3": -0.2471327254568704,
        "Quality_GI_nouns": -0.8972741321558855,
        "Intrj_GI_nouns_neg_3": -0.8994836223806626,
        "Shame_GALC_neg_3": 0.5895055786129838,
        "Fail_GI_nouns_neg_3": 0.11640936777835349,
        "vader_neutral lexical_density_tokens": 0.20503869744154904,
        "NUM": 0.7435352551049955,
        "Academ_GI_adjectives": 0.4454473878722148,
        "Surprise_EmoLex_adverbs_neg_3": -0.5312665518549337,
        "Power_GI_verbs": -0.5718655309014077,
        "Socrel_GI_verbs": -0.8239845024706142,
        "vader_neutral If_Lasswell": -1.0326312008328244,
        "Rcends_Lasswell_neg_3": -0.5990661919333551,
        "Anomie_Lasswell_neg_3": 0.524541642049938,
        "Know_GI_nouns": 2.909266746325418,
        "Passive_GI_nouns": -0.6746447174977868,
        "ADP": 1.0848872469277133,
        "Powpt_Lasswell_verbs": 1.4475979094537665,
        "Self_GI": -0.3664682836228528,
        "Feel_GI_nouns": -0.3417384562314719,
        "Virtue_GI_nouns": 0.5075271193661104,
        "Complet_GI_adjectives": 0.7622723789110204,
        "Know_GI_verbs": 1.1954562266230149,
        "Natrpro_GI_neg_3": 0.30587618053490856,
        "Anomie_Lasswell_verbs_neg_3": 0.3502823575934174,
        "Complet_GI": -0.6688035813610845,
        "vader_neutral Ngtv_GI": -0.3261415635176564,
        "vader_neutral Pstv_GI_adjectives": 0.7301401884382085,
        "Our_GI_neg_3": 0.9388093654298977,
        "Aquatic_GI_adjectives": -0.7827327110697878,
        "Rcgain_Lasswell_nouns_neg_3": 0.745452925984721,
        "Longing_GALC_neg_3": 1.2728357081077197,
        "vader_neutral Virtue_GI_adverbs_neg_3": 0.6865903421059939,
        "Bldgpt_GI_adjectives_neg_3": 0.7992405084981041,
        "Ngtv_GI_nouns_neg_3": 0.6176093553287244,
        "Afftot_Lasswell_adverbs_neg_3": 0.7574755370231668,
        "Anomie_Lasswell_nouns": 0.5311787632703162,
        "vader_neutral Yes_GI": 0.5475885031280708,
        "attention_adjectives": 0.758295098963314,
        "Endslw_Lasswell_adjectives": -0.5500777488976155,
        "vader_neutral Pstv_GI": 0.6185962991037944,
        "Powcon_Lasswell_nouns": -0.12936118198052526,
        "Relief_GALC_verbs": 0.7054294323673074,
        "Notlw_Lasswell_adverbs": 0.49115738011975746,
        "Wlttot_Lasswell_adverbs_neg_3": 0.5008739073297264,
        "Feel_GI_adjectives_neg_3": -0.908994840342237,
        "vader_neutral VERB": 0.32449329428767737,
        "Means_GI": 0.7664964781618316,
        "Wlttot_Lasswell_neg_3": 1.02292155503096,
        "Compare_GI_nouns": -0.7623465419674869,
        "Anticipation_EmoLex_verbs": -0.5390957246098325,
        "Emot_GI_verbs_neg_3": -1.3775475114944526,
        "Increas_GI_adjectives_neg_3": -0.6840579310385344,
        "Powauth_Lasswell_verbs_neg_3": 0.49671087790229224,
        "If_Lasswell basic_nfunction_types": -0.7048983209556122,
        "Route_GI_adjectives_neg_3": -0.5509250059858192,
        "Know_GI_adjectives": 0.9809126883177486,
        "ADJ": 0.8523622927229354,
        "vader_neutral": 0.35786583813133344,
        "Abs_2_GI_adjectives": 0.43170549170767947,
        "Endslw_Lasswell_verbs": 0.745323619238476,
        "Sadness_GALC_verbs_neg_3": 0.15819134355044767,
        "Feelinglove_GALC_verbs": 0.4626213536667687,
        "pleasantness_adverbs_neg_3": 0.7218061056793573,
        "Surelw_Lasswell_neg_3": -0.8764544875871134,
        "Rel_GI_verbs": 0.2786932370904977,
        "Bldgpt_GI": 0.628784541382904,
        "Time_GI_neg_3": 0.4779933419143353,
        "Rcrelig_Lasswell_verbs": 0.5088112125649663,
        "Ipadj_GI_nouns_neg_3": -0.23138530979871427,
        "Hostile_GI": -0.9268990421376887,