{
    "model": "LogisticRegression",
    "feat_set": "col-kbest-rfe",
    "feat_types": "all",
    "ensemble": false,
    "coefficients": {
        "Tension/Stress_GALC": -0.628015128787983,
        "sensitivity": -0.4165390526058004,
        "vader_neutral": 0.7952497409965236,
        "Pstv_GI": 1.5283325191481207,
        "Ngtv_GI": 0.7445228087796067,
        "Hostile_GI": -0.6622773761447768,
        "Submit_GI": -0.9506900361981884,
        "Passive_GI": 1.1288085379781228,
        "Arousal_GI": 1.3686464552088327,
        "Hu_GI": 0.8514214646299694,
        "Tool_GI": 0.7037407061572133,
        "Complet_GI": -0.6560478209820892,
        "Know_GI": -2.518585370854464,
        "Yes_GI": 1.7919714486619174,
        "Ipadj_GI": 1.018231778364625,
        "Powgain_Lasswell": -0.7146815604384761,
        "Powoth_Lasswell": -0.7240924584033515,
        "Endslw_Lasswell": 1.0704327236563742,
        "Nation_Lasswell": 0.7894546582077073,
        "If_Lasswell": -1.2278710280890701,
        "Longing_GALC_neg_3": 1.4042240657016225,
        "attention_neg_3": -1.3045922117657756,
        "Undrst_GI_neg_3": 0.5630232092989602,
        "Say_GI_neg_3": 1.2466045492402344,
        "Compare_GI_neg_3": 2.077923758693748,
        "Quan_GI_neg_3": -2.180148316084252,
        "Dist_GI_neg_3": 0.9668907837284523,
        "Our_GI_neg_3": 1.0890066159228888,
        "Wlttot_Lasswell_neg_3": 1.1942300600997193,
        "Hatred_GALC_nouns": -0.9106030590116556,
        "sensitivity_nouns": 0.8084554436904948,
        "Female_GI_nouns": -0.43446697734998907,
        "Land_GI_nouns": -0.574842575775524,
        "Need_GI_nouns": -1.4161794894824198,
        "Know_GI_nouns": 2.6846168067656953,
        "Causal_GI_nouns": -0.6511330087416729,
        "Compare_GI_nouns": -1.1846240739529832,
        "Quality_GI_nouns": -1.1336650634951961,
        "Indadj_GI_nouns": 0.8882515917596603,
        "Enlgain_Lasswell_nouns": 0.7415052535601463,
        "Tranlw_Lasswell_nouns": 0.8114861706484198,
        "Anomie_Lasswell_nouns": 0.7520148263224511,
        "Notlw_Lasswell_nouns": -2.7612793929886967,
        "Anger_GALC_verbs": 0.4913571726651741,
        "Boredom_GALC_verbs": 0.9420006839021113,
        "Feelinglove_GALC_verbs": 0.5582528706563271,
        "Relief_GALC_verbs": 0.7581010721975596,
        "Shame_GALC_verbs": 0.6700148486654716,
        "hu_liu_prop_verbs": -1.2261651712368946,
        "Hostile_GI_verbs": 1.1359662040967224,
        "Power_GI_verbs": -0.7771078968658555,
        "Passive_GI_verbs": -0.7330748808870154,
        "Vice_GI_verbs": -0.6890178410534611,
        "Econ_2_GI_verbs": -1.0484996876043953,
        "Relig_GI_verbs": -0.6262502363066742,
        "Socrel_GI_verbs": -0.6623351990248353,
        "Race_GI_verbs": 0.7393953253336578,
        "Know_GI_verbs": 2.146353660345411,
        "Causal_GI_verbs": -1.8204687586533417,
        "Ought_GI_verbs": 0.8313023722452693,
        "Ord_GI_verbs": 0.6474510566793383,
        "Rel_GI_verbs": 0.51569075925223,
        "Powpt_Lasswell_verbs": 1.588543970062256,
        "Powdoct_Lasswell_verbs": -1.0093682405440054,
        "Rcethic_Lasswell_verbs": 1.0406866949848703,
        "Rsploss_Lasswell_verbs": 1.0431108848988804,
        "Wltpt_Lasswell_verbs": 0.4711116713169745,
        "Trngain_Lasswell_verbs": 0.5396757993964889,
        "Posaff_Lasswell_verbs": -0.7311662974266904,
        "formlw_Lasswell_verbs": 1.124385852192496,
        "Disgust_GALC_adjectives": 0.6506400190487511,
        "Race_GI_adjectives": -1.0208921942166764,
        "Region_GI_adjectives": -0.5376223739133444,
        "Aquatic_GI_adjectives": -0.8451037392454868,
        "Persist_GI_adjectives": 0.5795091990177147,
        "Know_GI_adjectives": 0.8936519837018715,
        "Abs_2_GI_adjectives": 0.3984776875354149,
        "Rel_GI_adjectives": -0.713371529842048,
        "No_GI_adjectives": -0.8946967752644389,
        "Powcoop_Lasswell_adjectives": -0.7227219159719364,
        "Rsploss_Lasswell_adjectives": -1.0218038222296062,
        "Wlbpt_Lasswell_adjectives": -0.9106245561640588,
        "Skloth_Lasswell_adjectives": -0.6374499208651054,
        "Fear_GALC_adverbs": 0.4884974228911233,
        "Relaxation/Serenity_GALC_adverbs": -0.6710020099760811,
        "vader_positive_adverbs": -0.44323640908593676,
        "Ord_GI_adverbs": 0.8574849982343976,
        "Powcoop_Lasswell_adverbs": 1.6030474880749699,
        "Longing_GALC_nouns_neg_3": 0.930636209057695,
        "Pride_GALC_nouns_neg_3": 0.6673045069835177,
        "Surprise_GALC_nouns_neg_3": -0.694384328048982,
        "Negative_GALC_nouns_neg_3": 0.7977784338165828,
        "Ngtv_GI_nouns_neg_3": 0.7273557643150508,
        "Persist_GI_nouns_neg_3": 0.9711966211845654,
        "Quan_GI_nouns_neg_3": 0.6431782317970314,
        "Space_GI_nouns_neg_3": 0.9065296482449547,
        "Negate_GI_nouns_neg_3": -0.3041524380642003,
        "Powends_Lasswell_nouns_neg_3": 1.1789039835435022,
        "Rsploss_Lasswell_nouns_neg_3": -1.203364055612728,
        "Notlw_Lasswell_nouns_neg_3": 1.0072117569989583,
        "Admiration/Awe_GALC_verbs_neg_3": 0.4567334455394841,
        "Fear_GALC_verbs_neg_3": 0.4383090297304784,
        "Tension/Stress_GALC_verbs_neg_3": 0.8305074008066061,
        "Negative_GALC_verbs_neg_3": 0.8961813835229642,
        "Emot_GI_verbs_neg_3": -1.1641936692334185,
        "Aquatic_GI_verbs_neg_3": -1.0781242395369253,
        "Begin_GI_verbs_neg_3": -0.6235247715872745,
        "Rise_GI_verbs_neg_3": 0.4884742077393442,
        "Dist_GI_verbs_neg_3": 0.727642121135052,
        "Sv_GI_verbs_neg_3": 1.0606649304223605,
        "Sklasth_Lasswell_verbs_neg_3": 0.6530718854426517,
        "Sklpt_Lasswell_verbs_neg_3": -0.5249284404497293,
        "Ptlw_Lasswell_verbs_neg_3": -0.9622385699541398,
        "Surelw_Lasswell_verbs_neg_3": -0.5890832557929109,
        "Disappointment_GALC_adjectives_neg_3": 0.6051706562131954,
        "Fear_GALC_adjectives_neg_3": 0.7890665735910477,
        "Longing_GALC_adjectives_neg_3": -0.9157781438729065,
        "Bldgpt_GI_adjectives_neg_3": 0.8120653589205978,
        "Comnobj_GI_adjectives_neg_3": -1.372264972181804,
        "Increas_GI_adjectives_neg_3": -0.5214100307322469,
        "Decreas_GI_adjectives_neg_3": 0.5154120174406916,
        "Ord_GI_adjectives_neg_3": 0.937982493804598,
        "Enlends_Lasswell_adjectives_neg_3": 1.1108295305239098,
        "Amusement_GALC_adverbs_neg_3": 0.6289572627778555,
        "Hope_GALC_adverbs_neg_3": -0.711176587611825,
        "Interest/Enthusiasm_GALC_adverbs_neg_3": 0.0,
        "Pleasure/Enjoyment_GALC_adverbs_neg_3": 0.627359732180543,
        "Surprise_GALC_adverbs_neg_3": -0.7807899768536749,
        "Anger_EmoLex_adverbs_neg_3": 1.0864639263386981,
        "hu_liu_pos_nwords_adverbs_neg_3": 0.639832980136889,
        "Virtue_GI_adverbs_neg_3": 1.023881417453882,
        "Polit_GI_adverbs_neg_3": 0.7545221903828598,
        "Region_GI_adverbs_neg_3": -1.12883580291576,
        "Bldgpt_GI_adverbs_neg_3": 0.2025841529715956,
        "Need_GI_adverbs_neg_3": -0.5777954450742023,
        "Vary_GI_adverbs_neg_3": -0.7618213361409627,
        "Finish_GI_adverbs_neg_3": 0.6364791621065574,
        "Eval_GI_adverbs_neg_3": 1.024962475036033,
        "Abs_GI_adverbs_neg_3": -1.336996032023957,
        "Afftot_Lasswell_adverbs_neg_3": 0.7282475504184275,
        "social_order_component": -1.3291973118590765,
        "basic_nfunction_types": -1.3109701963044507,
        "ttr": 1.4461398985906524,
        "NOUN": 1.3194730293855401,
        "VERB": 0.577957481133177,
        "quality": -0.8388692404948785,
        "interactivity_0": -1.4213775983896229,
        "interactivity_2": 0.9395056563190927,
        "interactivity_3": -1.2886273823373438,
        "argumentative": 1.2934856421219498
    },
    "intercept": -0.8547088583376404,
    "scores": {
        "False": {
            "precision": 0.6543859649122807,
            "recall": 0.4863102998696219,