{
    "model": "LogisticRegression",
    "args": {
        "features_filename": "12091031_all_features.csv.gz",
        "responses_filename": "12091031_parsed_turbo_10000_eval.jsonl",
        "save": true,
        "selection_methods": "col-kbest-rfe",
        "ensemble": true,
        "feature_types": "all",
        "feature_set_sources": "",
        "existing_splits": true
    },
    "coefficients": {
        "Tension/Stress_GALC": -0.4122844283429391,
        "vader_neutral": -0.0769066023171457,
        "Ngtv_GI": 0.901720700563201,
        "Submit_GI": -1.2812765185573527,
        "Coll_GI": 0.5100339404723306,
        "Socrel_GI": 0.7193206826241785,
        "Hu_GI": 0.6111588055968085,
        "Tool_GI": 1.0743463444424335,
        "Means_GI": 0.5205200424563757,
        "Travel_GI": 0.3158062337593799,
        "Know_GI": -1.0885582769297262,
        "Yes_GI": 0.6895177903984291,
        "Powgain_Lasswell": -0.7204951376643944,
        "Powoth_Lasswell": -0.7313052682377609,
        "Enloth_Lasswell": 1.2935356120595995,
        "If_Lasswell": -1.0739673978822715,
        "attention_neg_3": -0.7003023100850583,
        "Say_GI_neg_3": 0.6877613576001385,
        "Fetch_GI_neg_3": 0.07861468523604848,
        "Quan_GI_neg_3": -1.2312584630108143,
        "Dist_GI_neg_3": 0.998010497985072,
        "Intrj_GI_neg_3": 0.7192061328561771,
        "Wlttot_Lasswell_neg_3": 0.8868283843936221,
        "Need_GI_nouns": -0.8577232427629806,
        "Causal_GI_nouns": -0.7454653294499975,
        "Compare_GI_nouns": -0.493369833860121,
        "Dav_GI_nouns": -0.6288280292438716,
        "Enlgain_Lasswell_nouns": 0.6849792509371372,
        "Tranlw_Lasswell_nouns": 1.0666659866679178,
        "Notlw_Lasswell_nouns": -2.385495541663721,
        "Anticipation_EmoLex_verbs": -0.3701247022382169,
        "Disgust_EmoLex_verbs": -0.43690489402533705,
        "hu_liu_prop_verbs": -0.9125412070949015,
        "Power_GI_verbs": -1.0104778130129293,
        "Passive_GI_verbs": -0.4187371811032842,
        "Socrel_GI_verbs": -0.46033499148445634,
        "Know_GI_verbs": 1.4346300654887059,
        "Causal_GI_verbs": -1.5016290934235954,
        "Ought_GI_verbs": 0.24358065421958375,
        "Powpt_Lasswell_verbs": 1.1017023408370747,
        "Rcethic_Lasswell_verbs": 0.7334238036484649,
        "Posaff_Lasswell_verbs": -0.5309995048114962,
        "formlw_Lasswell_verbs": 1.3496586427830095,
        "Role_GI_adjectives": -0.725615736507533,
        "Persist_GI_adjectives": 0.9327945208936311,
        "Powaupt_Lasswell_adjectives": -0.09339501175741381,
        "Powtot_Lasswell_adjectives": 0.4789634789915958,
        "Rsploss_Lasswell_adjectives": -1.6676507910132292,
        "Skloth_Lasswell_adjectives": -0.9218488476521733,
        "vader_positive_adverbs": -0.08406925423538456,
        "Causal_GI_adverbs": 0.04436930157083339,
        "Powcoop_Lasswell_adverbs": 1.5685521725841518,
        "Arousal_nwords_nouns_neg_3": 0.37398402654965285,
        "Sv_GI_nouns_neg_3": -0.4065293491717924,
        "Emot_GI_verbs_neg_3": -0.5845771833578945,
        "Place_GI_verbs_neg_3": -0.14631454076785974,
        "Sv_GI_verbs_neg_3": 1.1790541763150026,
        "Surelw_Lasswell_verbs_neg_3": -0.6082923192435523,
        "Timespc_Lasswell_verbs_neg_3": -0.7872921076877881,
        "Decreas_GI_adjectives_neg_3": 0.8601799087572459,
        "Ord_GI_adjectives_neg_3": 0.5448780647741688,
        "Surelw_Lasswell_adjectives_neg_3": -0.31064850319409976,
        "Socrel_GI_adverbs_neg_3": -0.4000106271546477,
        "Region_GI_adverbs_neg_3": -0.5907426148460924,
        "Vary_GI_adverbs_neg_3": -0.6168395838711993,
        "Know_GI_adverbs_neg_3": 0.2689649990590987,
        "Eval_GI_adverbs_neg_3": 1.364867658099308,
        "Abs_GI_adverbs_neg_3": -0.44169371399198465,
        "social_order_component": -0.04239600304463376,
        "basic_nfunction_types": -0.7863280667053919,
        "ttr": 1.2199735084857735,
        "SCONJ": 0.37161164354748427,
        "NOUN": 1.1697022561180566,
        "ADP": 0.9289284108610353,
        "VERB": 1.6234283387449318,
        "ADJ": 0.7811916014504494,
        "PUNCT": 0.8355002453307994,
        "quality": -1.1692440046546324,
        "interactivity_0": -0.9511124365942548,
        "interactivity_1": 0.26536113104134534,
        "interactivity_2": 1.1140354273510549,
        "interactivity_3": -0.4496723408416887,
        "argumentative": 1.1988336029176414
    },
    "intercept": -1.5948030398082358,
    "scores": {
        "False": {
            "precision": 0.6070038910505836,
            "recall": 0.4126984126984127,
            "f1-score": 0.4913385826771653,
            "support": 378.0
        },
        "True": {
            "precision": 0.7012113055181696,
            "recall": 0.837620578778135,
            "f1-score": 0.7633699633699633,
            "support": 622.0
        },
        "accuracy": 0.677,
        "macro avg": {
            "precision": 0.6541075982843766,
            "recall": 0.6251594957382738,
            "f1-score": 0.6273542730235643,
            "support": 1000.0
        },
        "weighted avg": {
            "precision": 0.6656009028494221,
            "recall": 0.677,
            "f1-score": 0.6605421014680857,
            "support": 1000.0
        }
    }
}