{
    "model": "LogisticRegression",
    "args": {
        "features_filename": "12091031_all_features.csv.gz",
        "responses_filename": "12091031_parsed_turbo_10000_eval.jsonl",
        "save": true,
        "selection_methods": "col-kbest-rfe",
        "ensemble": false,
        "feature_types": "all",
        "feature_set_sources": "",
        "existing_splits": true
    },
    "coefficients": {
        "Tension/Stress_GALC": -0.4491641944149565,
        "sensitivity": -0.5901834835511103,
        "vader_neutral": 0.6978164486509351,
        "Pstv_GI": 1.2548155517115043,
        "Ngtv_GI": 0.8137154414553327,
        "Hostile_GI": -0.8773935604341505,
        "Submit_GI": -0.9876972052088909,
        "Passive_GI": 0.7678536408580405,
        "Arousal_GI": 1.3188336942667205,
        "Hu_GI": 0.9999421633817,
        "Tool_GI": 0.9544492616715601,
        "Complet_GI": -0.4364345853798286,
        "Know_GI": -2.3741944528487235,
        "Yes_GI": 1.5478994552566832,
        "Ipadj_GI": 1.1880990695323956,
        "Powgain_Lasswell": -0.7696155707073065,
        "Powoth_Lasswell": -0.5946300165753519,
        "Endslw_Lasswell": 0.7607821943654909,
        "Nation_Lasswell": 1.0172560445745806,
        "If_Lasswell": -1.1389108721314516,
        "Longing_GALC_neg_3": 1.264542823621054,
        "attention_neg_3": -1.3475815273252478,
        "Undrst_GI_neg_3": 0.8175966047096287,
        "Say_GI_neg_3": 0.7447154765220819,
        "Compare_GI_neg_3": 2.0041129851178705,
        "Quan_GI_neg_3": -2.0381318368915156,
        "Dist_GI_neg_3": 0.914879770345433,
        "Our_GI_neg_3": 0.9981807146038478,
        "Wlttot_Lasswell_neg_3": 1.0451583609039972,
        "Hatred_GALC_nouns": -0.3078041296470056,
        "sensitivity_nouns": 0.7182198791695594,
        "Female_GI_nouns": -0.7325392677653465,
        "Land_GI_nouns": -0.5158268385093807,
        "Need_GI_nouns": -1.261106310139014,
        "Know_GI_nouns": 2.6451553044924645,
        "Causal_GI_nouns": -0.7918038134027101,
        "Compare_GI_nouns": -1.3168241179496945,
        "Quality_GI_nouns": -1.2910608580481766,
        "Indadj_GI_nouns": 0.7006209299681359,
        "Enlgain_Lasswell_nouns": 0.6420026875273552,
        "Tranlw_Lasswell_nouns": 0.512564510174656,
        "Anomie_Lasswell_nouns": 0.5213871539320799,
        "Notlw_Lasswell_nouns": -2.766406998785522,
        "Anger_GALC_verbs": 0.5053684752245362,
        "Boredom_GALC_verbs": 0.7051052795970681,
        "Feelinglove_GALC_verbs": -0.0376363406796926,
        "Relief_GALC_verbs": 0.8559419570410205,
        "Shame_GALC_verbs": 0.4654072183556119,
        "hu_liu_prop_verbs": -1.2768871739349017,
        "Hostile_GI_verbs": 1.025188234456737,
        "Power_GI_verbs": -0.8822746319045393,
        "Passive_GI_verbs": -0.8213778902064903,
        "Vice_GI_verbs": -0.6475027375737943,
        "Econ_2_GI_verbs": -0.8348424523017751,
        "Relig_GI_verbs": -0.5211543788840302,
        "Socrel_GI_verbs": -0.6614250458381832,
        "Race_GI_verbs": 0.7930031026524728,
        "Know_GI_verbs": 2.3064142065618927,
        "Causal_GI_verbs": -1.3970792262984508,
        "Ought_GI_verbs": 0.7124630323579068,
        "Ord_GI_verbs": 0.9966447227860359,
        "Rel_GI_verbs": 0.8111660745590822,
        "Powpt_Lasswell_verbs": 1.0820474606848258,
        "Powdoct_Lasswell_verbs": -0.7017919972672874,
        "Rcethic_Lasswell_verbs": 0.8989358282297811,
        "Rsploss_Lasswell_verbs": 1.0203226992578025,
        "Wltpt_Lasswell_verbs": 0.8218205499837614,
        "Trngain_Lasswell_verbs": 0.7423622138636046,
        "Posaff_Lasswell_verbs": -0.7317238797501999,
        "formlw_Lasswell_verbs": 0.9883136011050129,
        "Disgust_GALC_adjectives": 0.550234020558842,
        "Race_GI_adjectives": -0.568786864602314,
        "Region_GI_adjectives": -0.54153161108894,
        "Aquatic_GI_adjectives": -1.102075836318427,
        "Persist_GI_adjectives": 0.83148825548981,
        "Know_GI_adjectives": 0.71446354552605,
        "Abs_2_GI_adjectives": 0.43611023602582916,
        "Rel_GI_adjectives": -0.9037078603698786,
        "No_GI_adjectives": -1.0199406106829312,
        "Powcoop_Lasswell_adjectives": -0.7471776839662555,
        "Rsploss_Lasswell_adjectives": -1.6717013926348825,
        "Wlbpt_Lasswell_adjectives": -1.065145428676985,
        "Skloth_Lasswell_adjectives": -1.1121904585020577,
        "Fear_GALC_adverbs": 0.5311832227664744,
        "Relaxation/Serenity_GALC_adverbs": -0.7712777411847636,
        "vader_positive_adverbs": -0.702187327214791,
        "Ord_GI_adverbs": 0.7083941488975809,
        "Powcoop_Lasswell_adverbs": 1.424704424286219,
        "Longing_GALC_nouns_neg_3": 0.795134238843273,
        "Pride_GALC_nouns_neg_3": 0.529997054847573,
        "Surprise_GALC_nouns_neg_3": -0.47584611705700175,
        "Negative_GALC_nouns_neg_3": 1.0185924108781939,
        "Ngtv_GI_nouns_neg_3": 0.7864927171097005,
        "Persist_GI_nouns_neg_3": 1.2639563733300077,
        "Quan_GI_nouns_neg_3": 0.6869313844188492,
        "Space_GI_nouns_neg_3": 0.7675214519769813,
        "Negate_GI_nouns_neg_3": -0.8832573400712095,
        "Powends_Lasswell_nouns_neg_3": 0.5739976593459521,
        "Rsploss_Lasswell_nouns_neg_3": -1.0001542659564224,
        "Notlw_Lasswell_nouns_neg_3": 0.7795393709600916,
        "Admiration/Awe_GALC_verbs_neg_3": 0.9201436092753839,
        "Fear_GALC_verbs_neg_3": 1.0341551130621731,
        "Tension/Stress_GALC_verbs_neg_3": 0.21030948543838773,
        "Negative_GALC_verbs_neg_3": 0.8719629949337789,
        "Emot_GI_verbs_neg_3": -1.1759599352358592,
        "Aquatic_GI_verbs_neg_3": -1.1954701604677471,
        "Begin_GI_verbs_neg_3": -0.8923659663310077,
        "Rise_GI_verbs_neg_3": 0.8435801695110637,
        "Dist_GI_verbs_neg_3": 0.39119558477221933,
        "Sv_GI_verbs_neg_3": 1.0482173982579794,
        "Sklasth_Lasswell_verbs_neg_3": 0.7503123547667693,
        "Sklpt_Lasswell_verbs_neg_3": -0.9160445705746502,
        "Ptlw_Lasswell_verbs_neg_3": -1.148831316904039,
        "Surelw_Lasswell_verbs_neg_3": -0.5089270068383162,
        "Disappointment_GALC_adjectives_neg_3": 0.8279514020185654,
        "Fear_GALC_adjectives_neg_3": 0.8116807333220518,
        "Longing_GALC_adjectives_neg_3": -1.1070239812385698,
        "Bldgpt_GI_adjectives_neg_3": 0.6758944997570003,
        "Comnobj_GI_adjectives_neg_3": -1.169720918473874,
        "Increas_GI_adjectives_neg_3": -0.4539980303996138,
        "Decreas_GI_adjectives_neg_3": 0.7515242649879164,
        "Ord_GI_adjectives_neg_3": 0.9024644403046753,
        "Enlends_Lasswell_adjectives_neg_3": 0.9242094503028153,
        "Amusement_GALC_adverbs_neg_3": 0.5474316126916496,
        "Hope_GALC_adverbs_neg_3": -0.660795940497377,
        "Interest/Enthusiasm_GALC_adverbs_neg_3": 0.5449260276102247,
        "Pleasure/Enjoyment_GALC_adverbs_neg_3": 0.605055675013303,
        "Surprise_GALC_adverbs_neg_3": -0.3690422184420425,
        "Anger_EmoLex_adverbs_neg_3": 0.7232862687550953,
        "hu_liu_pos_nwords_adverbs_neg_3": 0.6031528794082762,
        "Virtue_GI_adverbs_neg_3": 1.2096876747239058,
        "Polit_GI_adverbs_neg_3": 0.5387681177606142,
        "Region_GI_adverbs_neg_3": -0.5359766166474416,
        "Bldgpt_GI_adverbs_neg_3": 0.6452299598940447,
        "Need_GI_adverbs_neg_3": -0.6234441651629691,
        "Vary_GI_adverbs_neg_3": -0.56262235901218,
        "Finish_GI_adverbs_neg_3": 0.5660543742272837,
        "Eval_GI_adverbs_neg_3": 1.2223519975107087,
        "Abs_GI_adverbs_neg_3": -1.022232679019666,
        "Afftot_Lasswell_adverbs_neg_3": 0.7031860168856725,
        "social_order_component": -1.1379280606765292,
        "basic_nfunction_types": -1.1298401899480206,
        "ttr": 1.4712047965916693,
        "NOUN": 1.0474296871461624,
        "VERB": 1.0728777186245553,
        "quality": -1.1631220191613543,
        "interactivity_0": -1.4639420759537976,
        "interactivity_2": 0.8764505239189804,