{
    "model": "LogisticRegression",
    "args": {
        "features_filename": "12091031_all_features.csv.gz",
        "responses_filename": "responses/12091031_parsed_turbo_10000_eval.jsonl",
        "save": true,
        "selection_methods": "rfe-kbest",
        "ensemble": true,
        "feature_types": "all",
        "feature_set_sources": "classification/stats/12091031_1220_rfe-kbest_ensemble_all_10000.json",
        "existing_splits": true,
        "balance": false
    },
    "coefficients": {
        "Powtot_Lasswell_adjectives": 0.4699259230858901,
        "Tool_GI": 1.0745703311345318,
        "Negate_GI_adjectives_neg_3": -0.44191894269531273,
        "Interest/Enthusiasm_GALC_adverbs": 0.46068178599471155,
        "hu_liu_neg_perc_nouns": -0.9024889734440432,
        "Need_GI_adverbs_neg_3": -0.23873442608276682,
        "Relaxation/Serenity_GALC_adverbs": -0.707948706765485,
        "Arousal_GI_adverbs": 0.0,
        "Enlends_Lasswell_verbs": -1.1470107824595686,
        "Coll_GI": 0.7559135615214374,
        "Pstv_GI_verbs_neg_3": 0.4424948815334457,
        "Power_GI_verbs": -0.19053749356783728,
        "Female_GI_adjectives": 0.5257173272541883,
        "Aquatic_GI_adjectives_neg_3": -0.7359788587641815,
        "Sv_GI_nouns": -0.5590039258072815,
        "Ought_GI_adjectives": -0.21755373083115578,
        "hu_liu_prop_nouns_neg_3": -0.4390497671489878,
        "If_Lasswell_nouns_neg_3": 0.7295042496592238,
        "impact_0": 0.44329832613032416,
        "Disgust_EmoLex_adverbs": -0.22532224345773827,
        "hu_liu_prop_verbs": -0.3635622155376772,
        "Econ_GI_adjectives_neg_3": 0.46353745131388424,
        "Hope_GALC_adverbs_neg_3": -0.3996112449870272,
        "gunningFog": -0.9632360079443375,
        "Power_GI_neg_3": 0.23378995193974905,
        "Socrel_GI": 1.1911695156613908,
        "Eval_2_GI_adverbs": -0.5807201642582668,
        "Econ_GI": -0.694718594439924,
        "Endslw_Lasswell_adjectives_neg_3": -0.4581234662026507,
        "Powends_Lasswell_neg_3": -0.10281395365612515,
        "Undrst_GI_verbs": 0.6455980662990882,
        "Eval_GI_adverbs": 0.9161645327136365,
        "basic_ntokens": 0.8643672788711917,
        "Quan_GI_neg_3": -0.9789825273436747,
        "Ngtv_GI_adjectives": -0.8947362902981914,
        "Wlttran_Lasswell_neg_3": 0.7490909089405727,
        "Enloth_Lasswell_neg_3": 1.0094577927301434,
        "Power_GI": -0.3833808024418311,
        "Arousal_nwords_adjectives": -0.6435846776046733,
        "Abs_2_GI_nouns": 1.6631006796831094,
        "Quan_GI_adverbs": -0.8141585840316576,
        "Submit_GI": -0.31097880927385513,
        "Eval_2_GI_verbs_neg_3": -0.2554422935829365,
        "Feel_GI": -0.9279129102968859,
        "Surprise_GALC_adverbs": -0.5179164944825759,
        "Interest/Enthusiasm_GALC_adverbs_neg_3": 0.4621155211030049,
        "Intrj_GI_neg_3": 0.9612721089370796,
        "Tension/Stress_GALC_adverbs": -0.898592256978192,
        "Region_GI_adverbs_neg_3": -0.7355833173868904,
        "Coll_GI_adjectives_neg_3": 0.35373186414716695,
        "Fear_GALC_adverbs": 0.530545133705454,
        "Skltot_Lasswell_adverbs_neg_3": -0.5060558046468993,
        "Powdoct_Lasswell_verbs_neg_3": -0.9984015682555543,
        "Wlttot_Lasswell_neg_3": 1.0765012732864805,
        "complex_words": 0.8309266489709131,
        "Trust_EmoLex_verbs_neg_3": -0.8412815170157186,
        "Causal_GI_nouns": -0.7806514403105099,
        "Abs_GI_nouns_neg_3": -0.6886083876575297,
        "Fear_EmoLex_verbs_neg_3": -0.5229617165585866,
        "Enlends_Lasswell_verbs_neg_3": 0.6790674717992042,
        "Decreas_GI_adjectives_neg_3": 0.6468296308929127,
        "Vary_GI_adverbs_neg_3": -0.4461356399345212,
        "Role_GI_adjectives_neg_3": -0.8131743237795224,
        "Fear_GALC_adverbs_neg_3": 0.5409961403900588,
        "interactivity_3": -0.7627223879332933,
        "No_GI": -0.8926770527615886,
        "Comform_GI_nouns": -0.4200831475660712,
        "Powoth_Lasswell": -0.45235535072170346,
        "Work_GI_neg_3": -0.5320301422591643,
        "Positive_EmoLex_adjectives_neg_3": -1.0086347268027365,
        "If_Lasswell": -0.34407006932945255,
        "interactivity_1": 0.40265085187768307,
        "Dominance_nwords_adjectives_neg_3": 0.43964379336547477,
        "Eval_GI_adverbs_neg_3": 1.0137218980975748,
        "Tension/Stress_GALC": -0.22983277728846307,
        "Aquatic_GI_adjectives": -0.653273801520049,
        "Trust_EmoLex_verbs": 0.5537583534918445,
        "Fear_EmoLex_adjectives_neg_3": -0.6083540501866588,
        "Skloth_Lasswell_adjectives_neg_3": -0.9650553046537736,
        "Relaxation/Serenity_GALC_adverbs_neg_3": -0.6811654266541918,
        "Abs_2_GI_nouns_neg_3": -0.7691894506168285,
        "Time_GI_adverbs_neg_3": -0.7238772428541214,
        "Surprise_GALC_nouns": -0.8229609409912877,
        "Ord_GI_adjectives_neg_3": 0.665872234363422,
        "Econ_GI_verbs_neg_3": 0.7134501471026798,
        "Powaren_Lasswell_nouns_neg_3": 0.9663045977699657,
        "Anticipation_EmoLex_verbs": -0.48524443585993987,
        "Know_GI_verbs": 0.811122623283196,
        "Boredom_GALC_verbs": 0.79569546722507,
        "Persist_GI_nouns_neg_3": 1.3813786323793948,
        "Econ_2_GI_neg_3": -0.960249432612239,
        "nwords": -1.1115049571276816,
        "No_GI_neg_3": -0.8608758288111028,
        "Need_GI_nouns_neg_3": -0.7132250606844366,
        "Complet_GI_verbs_neg_3": -0.8984450701692787,
        "Valence_nwords_nouns": 0.5599570405563583,
        "If_Lasswell_verbs_neg_3": 0.6089666797562131,
        "Com_GI_nouns": 0.3514290318895836,
        "Rcethic_Lasswell_adverbs": 0.30353177401703496,
        "Negate_GI_nouns": -1.6565250646642324,
        "Powtot_Lasswell_neg_3": -0.16315591870464247,
        "Food_GI_adjectives": 0.9004678040069907,
        "Powcoop_Lasswell_adverbs": 0.5817287721830386,
        "Enlgain_Lasswell_nouns_neg_3": 0.3192482074852728,
        "Enltot_Lasswell_nouns": -0.2012660550775687,
        "Econ_2_GI_nouns": 0.8513050273663414,
        "Persist_GI_adjectives": 0.9671785036690109,
        "Wlttran_Lasswell_adjectives_neg_3": 0.8857625299093945,
        "Intrj_GI_verbs_neg_3": -0.35812810978226467,
        "basic_ntypes": -0.48640642521804023,
        "Dist_GI_neg_3": 1.4773817570869971,
        "Need_GI_nouns": -0.3564026540692834,
        "Emot_GI_verbs": -0.3210480681658411,
        "Virtue_GI_adverbs_neg_3": 1.2112090955987662,
        "Enloth_Lasswell_verbs_neg_3": -0.2874218830700761,
        "Decreas_GI_adjectives": 0.626776822643974,
        "Econ_GI_nouns": 0.47394060528723975,
        "Negate_GI_neg_3": 1.039221123268577,
        "Causal_GI_verbs_neg_3": -0.9128757491957413,
        "Know_GI_neg_3": -1.5838134848195415,
        "Increas_GI_adjectives": -0.9080303742882262,
        "Pleasur_GI_verbs": -1.5634600094933706,
        "Time_GI_neg_3": 0.23687500828807884,
        "Socrel_GI_verbs_neg_3": -1.2754525134831187,
        "Disgust_EmoLex_adverbs_neg_3": 0.24294162024337787,
        "Say_GI_neg_3": 0.3445407195746942,
        "Negativ_GI_adjectives_neg_3": 0.8013957534317511,
        "cogency": -1.2653777803947315,
        "Com_GI_neg_3": -0.7687784041833255,
        "Positive_EmoLex_adjectives": 1.0492638610949052,
        "Causal_GI_verbs": -0.3527489673342701,
        "Route_GI_adjectives_neg_3": -0.46960373022299295,
        "Route_GI_adjectives": -0.46960373022299295,
        "If_Lasswell_adverbs_neg_3": 0.7723452185006842,
        "Virtue_GI_verbs_neg_3": -0.661434816699201,
        "hu_liu_prop_verbs_neg_3": -0.5875204434535641,
        "reasonableness": 0.6042075747600838,
        "Wlttran_Lasswell_verbs_neg_3": -1.2541969355576457,
        "Place_GI_verbs": -0.6172427440112527,
        "Powpt_Lasswell_verbs": 0.9070138055979827,
        "Hatred_GALC_adjectives": -0.4280659371277541,
        "Notlw_Lasswell_nouns": -1.369587876674134,
        "ttr": 1.5238592124436887,
        "Enloth_Lasswell": 0.7139032572181252,