{
    "model": "LogisticRegression",
    "args": {
        "features_filename": "12091031_all_features.csv.gz",
        "responses_filename": "responses/12091031_parsed_turbo_10000_eval.jsonl",
        "save": true,
        "selection_methods": "rfe",
        "ensemble": false,
        "feature_types": "all",
        "feature_set_sources": "classification/stats/12091031_2255_rfe_all_10000.json",
        "existing_splits": true,
        "balance": false
    },
    "coefficients": {
        "Need_GI_nouns_neg_3": -0.9201975753909518,
        "Space_GI_adjectives_neg_3": 0.6835691347422325,
        "Longing_GALC_nouns": 0.8971502696178175,
        "Powends_Lasswell_nouns_neg_3": 0.6235578618509283,
        "Feel_GI": -0.7563757923185265,
        "Wlttran_Lasswell_verbs_neg_3": -1.5041242118046303,
        "Trnloss_Lasswell_verbs_neg_3": 0.6979603452647918,
        "Surprise_GALC_adverbs": -0.596244810472618,
        "Negative_GALC_nouns_neg_3": 1.0680903890951532,
        "Dist_GI_neg_3": 1.189446829361166,
        "Know_GI_nouns": 1.5478931110417444,
        "Positiv_GI_verbs": 0.6729510882644915,
        "Posaff_Lasswell_verbs_neg_3": -0.5786405605202944,
        "Econ_2_GI_verbs": -0.6419750935297829,
        "Pleasur_GI_neg_3": 0.7218446071611987,
        "Bldgpt_GI_adjectives_neg_3": 0.49009688165302645,
        "Socrel_GI_verbs_neg_3": -1.127922071119152,
        "Vice_GI_verbs_neg_3": -1.0751562032564095,
        "basic_ntypes": -0.8878953780471601,
        "Powcoop_Lasswell_adverbs_neg_3": 1.3446797732847948,
        "Disgust_GALC_adjectives_neg_3": 0.48095808087562003,
        "Hope_GALC_adverbs": -0.9174915916060452,
        "interactivity_2": 0.7611258513132326,
        "Compassion_GALC_nouns_neg_3": -0.8582353140430458,
        "Compare_GI_adjectives": -0.8422794123499766,
        "Enloth_Lasswell_verbs_neg_3": 0.7747391769614831,
        "Role_GI_adjectives_neg_3": -0.7273582924213368,
        "Surelw_Lasswell": -0.7750850654980935,
        "attention_neg_3": -0.6630784844994274,
        "Finish_GI_adverbs_neg_3": 0.6283027761233675,
        "Sklpt_Lasswell_adjectives": 1.6521411423166241,
        "Longing_GALC_neg_3": 0.6773687252494932,
        "Female_GI_nouns_neg_3": -0.859494783192296,
        "Trust_EmoLex_adverbs_neg_3": 1.0908562525206518,
        "Causal_GI_nouns": -0.7061114274644787,
        "Enltot_Lasswell_verbs": -0.7615939379328873,
        "If_Lasswell_adverbs_neg_3": 0.8215459693763644,
        "Dominance_nouns": 0.8571997238188562,
        "cogency": -0.8166147227194764,
        "Fear_GALC_adjectives_neg_3": 0.8915992531482958,
        "Emot_GI_verbs": -1.0675887235941846,
        "Undrst_GI": 0.8502054210107882,
        "Know_GI_neg_3": -1.8007258609604377,
        "Submit_GI_neg_3": -0.947337230042935,
        "Powpt_Lasswell_verbs": 1.1220259175969163,
        "Rise_GI_verbs_neg_3": 0.7430907845752887,
        "Pstv_GI_adverbs": 0.808510215362432,
        "Hostile_GI_adverbs": -0.7257893031045101,
        "Negative_EmoLex_nouns": 0.6927485466390653,
        "Anticipation_EmoLex_verbs_neg_3": -0.6782603225221948,
        "Fear_EmoLex_adverbs_neg_3": 0.32878150860489075,
        "Nation_Lasswell": 0.9148728646329074,
        "Nonadlt_GI_nouns": 0.42463187710218,
        "Negative_GALC_verbs_neg_3": 0.7367224225663359,
        "Perceiv_GI_adjectives_neg_3": 0.5785758484967525,
        "Know_GI_nouns_neg_3": 1.609465337697406,
        "Race_GI_adjectives_neg_3": -0.6241942272503312,
        "Abs_GI_adverbs_neg_3": -1.0856651842343792,
        "Quality_GI_nouns_neg_3": -0.9260810055488743,
        "Ipadj_GI": 0.8193024441539587,
        "Enlends_Lasswell_verbs": -1.0171255135168866,
        "Object_GI": 1.0562737953613235,
        "Enlgain_Lasswell_nouns_neg_3": 0.5627558463244988,
        "Know_GI_verbs_neg_3": 1.5376913620911639,
        "Enloth_Lasswell": 1.1407379378347748,
        "Negativ_GI_adjectives_neg_3": 0.7568773344232399,
        "Space_GI_neg_3": 0.7695411696210427,
        "Anger_GALC_verbs": 0.714478522422554,
        "Arousal_GI": 1.1571662254644635,
        "Longing_GALC_adjectives": -0.9532696260943436,
        "Wlbloss_Lasswell_nouns": 0.817444946320348,
        "Boredom_GALC_verbs": 0.924526157094406,
        "Happiness_GALC_nouns_neg_3": -0.561309187315894,
        "Rsploss_Lasswell_adjectives_neg_3": -1.65711695440213,
        "Compassion_GALC_nouns": -0.8223737829354201,
        "Pstv_GI_verbs_neg_3": -0.7453098836519504,
        "Longing_GALC": 0.8917717594675894,
        "Pleasur_GI_verbs": -1.1734985324325256,
        "Space_GI": -0.694295386752405,
        "Decreas_GI_adjectives_neg_3": 0.6047951441360322,
        "Joy_GALC_adjectives_neg_3": -0.779445980018396,
        "Quan_GI_neg_3": -1.3998017389543396,
        "interactivity_3": -1.0823139052246344,
        "Sadness_GALC_verbs": -0.7254207976529493,
        "Freq_GI_adverbs_neg_3": 0.691185738008407,
        "Perceiv_GI_adjectives": -0.6032212735014568,
        "Trngain_Lasswell_verbs": 0.7070866314094358,
        "If_Lasswell_neg_3": -1.72294141986161,
        "Powdoct_Lasswell_verbs_neg_3": -0.7745226536566944,
        "Powoth_Lasswell": -1.171418738685417,
        "Space_GI_nouns_neg_3": 0.7917827108437259,
        "Milit_GI_nouns": -0.7258766976652321,
        "Causal_GI_verbs_neg_3": -1.0116983267738253,
        "Ord_GI_adverbs": 0.524437795507981,
        "Quan_GI_adjectives_neg_3": 1.4388093866155727,
        "Enloth_Lasswell_verbs": -0.6744453047894738,
        "Amusement_GALC_adverbs_neg_3": 0.48791870921880204,
        "If_Lasswell_adverbs": -0.8507586638742755,
        "Region_GI_adverbs_neg_3": -0.6448768050710132,
        "Comform_GI_verbs": 0.7585234938000923,
        "Econ_2_GI_nouns": 0.5845991990694474,
        "Yes_GI": 1.2953990237391249,
        "ttr": 1.445090351506458,
        "Anger_EmoLex_adverbs_neg_3": 0.7309330094229302,
        "Know_GI": -0.8452402150323735,
        "Powpt_Lasswell_adjectives": 1.936038428257451,
        "Object_GI_verbs_neg_3": -0.7976964557052919,
        "Exert_GI_nouns_neg_3": -0.6486096223862554,
        "Dav_GI_nouns_neg_3": -0.7227795287005867,
        "Pstv_GI": 0.9779544500696388,
        "Space_GI_adjectives": -1.1079336207757915,
        "Decreas_GI_verbs": -1.0213257074736999,
        "Comnobj_GI": -0.9855745768761726,
        "Freq_GI_adverbs": -0.7420695295028137,
        "Decreas_GI_adjectives": 0.6110198831586048,
        "Tranlw_Lasswell_nouns": 0.7563910466609954,
        "Comnobj_GI_adjectives_neg_3": -0.9343308297915428,
        "hu_liu_neg_perc_nouns_neg_3": 0.8639357626785553,
        "argumentative": 1.5331572322780145,
        "Powoth_Lasswell_nouns": 0.934942237513013,
        "Know_GI_verbs": 1.6865788930537147,
        "Milit_GI": 0.5171517372922686,
        "Persist_GI_nouns_neg_3": 1.5751145084287301,
        "Sklpt_Lasswell_nouns_neg_3": -0.6569007327525359,
        "Enlends_Lasswell_neg_3": 0.8177964180739569,
        "Ngtv_GI": 1.6852532441162684,
        "Compare_GI": 0.7265245253086414,
        "Wlbpt_Lasswell_adjectives": -0.9108622388347422,
        "hu_liu_prop_verbs_neg_3": -0.8375895194389391,
        "Sv_GI_nouns": -0.7952051377574857,
        "Rsploss_Lasswell_nouns": -0.836836585705492,
        "If_Lasswell_nouns": 1.026214113877156,
        "Relaxation/Serenity_GALC_adverbs": -0.7263625889749288,
        "Anomie_Lasswell_neg_3": 0.7344185449592547,
        "Wltoth_Lasswell_verbs_neg_3": 0.9953363379900203,
        "Milit_GI_neg_3": 0.5785449991426457,
        "interactivity_0": -1.4340426849217207,
        "Relaxation/Serenity_GALC_adverbs_neg_3": -0.671634680452386,
        "Land_GI_verbs": -0.9512273289382664,
        "Bldgpt_GI_adverbs_neg_3": 0.6656915792112137,
        "sensitivity_nouns": 0.8388934471335681,
        "Rsploss_Lasswell_verbs": 1.0712383277986768,
        "Hu_GI_nouns_neg_3": 1.0470118635978982,
        "Aquatic_GI_verbs": -0.8139836105528573,
        "Aquatic_GI_adjectives": -0.7499432421983315,