{
    "model": "LogisticRegression",
    "feat_set": "col-rfe",
    "coefficients": {
        "Compassion_GALC": -0.6189064286802004,
        "Contempt_GALC": -0.8033257366822636,
        "Fear_GALC": 0.39930197673356305,
        "Relaxation/Serenity_GALC": -0.7448418260171294,
        "Surprise_GALC": -0.6291285499696749,
        "Tension/Stress_GALC": -0.5550328968930681,
        "sensitivity": -0.6296449271332435,
        "aptitude": -0.8451943479011575,
        "vader_neutral": 0.8943608644431373,
        "Pstv_GI": 0.8363962116343532,
        "Ngtv_GI": 0.7465997361909265,
        "Hostile_GI": -0.9556409715284864,
        "Submit_GI": -1.1166128657354673,
        "Passive_GI": 1.6920204086262198,
        "Arousal_GI": 1.4073930278892952,
        "Coll_GI": 0.6452819559818618,
        "Socrel_GI": 0.6462798167547794,
        "Hu_GI": 0.5381531911743521,
        "Tool_GI": 1.1019311614233447,
        "Bldgpt_GI": 0.620758758552624,
        "Means_GI": 0.806439643127818,
        "Complet_GI": -0.643472500729918,
        "Know_GI": -2.780957133817275,
        "Perceiv_GI": 0.6506661218493534,
        "Abs_2_GI": 0.5062170368809367,
        "Self_GI": -0.33967324777656255,
        "Yes_GI": 1.1159535524043003,
        "Iav_GI": 0.7940293251142838,
        "Ipadj_GI": 0.7469137559071526,
        "Powgain_Lasswell": -0.6611644720202181,
        "Powaupt_Lasswell": -0.8234815086426148,
        "Powoth_Lasswell": -1.471132905759883,
        "Enloth_Lasswell": 0.7487746028561233,
        "Endslw_Lasswell": 0.8147449504594495,
        "Nation_Lasswell": 0.6293697678023281,
        "Negaff_Lasswell": -0.26356986368329244,
        "If_Lasswell": -1.5343992239739146,
        "Notlw_Lasswell": 0.4683167668677291,
        "Admiration/Awe_GALC_neg_3": 0.600207118539195,
        "Contempt_GALC_neg_3": 0.5896700620534027,
        "Longing_GALC_neg_3": 1.2441101971416328,
        "Shame_GALC_neg_3": 0.6350389950560265,
        "attention_neg_3": -1.1984990144371412,
        "Undrst_GI_neg_3": 0.5544942574647838,
        "Legal_GI_neg_3": 0.8342019364901152,
        "Say_GI_neg_3": 1.9497537788940094,
        "Goal_GI_neg_3": 0.47763430797085327,
        "Natrpro_GI_neg_3": 0.34088696449060285,
        "Compare_GI_neg_3": 1.7584721920813298,
        "Abs_GI_neg_3": -0.7534116721672844,
        "Quan_GI_neg_3": -2.4698008636531146,
        "Dist_GI_neg_3": 1.09164277788012,
        "Time_GI_neg_3": 0.45669374108510424,
        "Our_GI_neg_3": 0.9681979795732657,
        "Negate_GI_neg_3": 0.4020918676446134,
        "Intrj_GI_neg_3": 0.7052239394908157,
        "Powaren_Lasswell_neg_3": 0.41776579787801277,
        "Rcends_Lasswell_neg_3": -0.6128259094921187,
        "Rspgain_Lasswell_neg_3": -0.7961738191414426,
        "Rspoth_Lasswell_neg_3": 0.25900076832847024,
        "Wlttot_Lasswell_neg_3": 1.4619826740616637,
        "Anomie_Lasswell_neg_3": 0.5649331971693943,
        "Surelw_Lasswell_neg_3": -0.8505346299139462,
        "Contentment_GALC_nouns": 0.4291361977912412,
        "Happiness_GALC_nouns": -0.5491456223485149,
        "Hatred_GALC_nouns": -0.899541596891363,
        "Relief_GALC_nouns": -0.5603794749444617,
        "sensitivity_nouns": 0.9821658681197749,
        "Passive_GI_nouns": -0.7033710897499624,
        "Feel_GI_nouns": -0.39863766130408124,
        "Emot_GI_nouns": -0.5085368377328356,
        "Virtue_GI_nouns": 0.5551864477076828,
        "Female_GI_nouns": -0.4078044786713316,
        "Need_GI_nouns": -1.075696838898621,
        "Begin_GI_nouns": -0.8505311998623264,
        "Vary_GI_nouns": 0.8149095606902329,
        "Increas_GI_nouns": -0.5151572930110428,
        "Exert_GI_nouns": -0.9648957238632948,
        "Know_GI_nouns": 2.7368148991443064,
        "Causal_GI_nouns": -0.5802012643274705,
        "Compare_GI_nouns": -0.7995934675801212,
        "Quality_GI_nouns": -0.9101593732425522,
        "Dav_GI_nouns": -0.43783754716545076,
        "Indadj_GI_nouns": 1.038182481087478,
        "Powloss_Lasswell_nouns": -0.6428830027703837,
        "Powcon_Lasswell_nouns": -0.13922455947639514,
        "Powoth_Lasswell_nouns": 0.7718458601801382,
        "Wlbloss_Lasswell_nouns": 0.9339167426978616,
        "Wlbpsyc_Lasswell_nouns": 0.5174612452366151,
        "Enlgain_Lasswell_nouns": 0.6325669510839347,
        "Tranlw_Lasswell_nouns": 0.7874347594594074,
        "Anomie_Lasswell_nouns": 0.5663910403577359,
        "Notlw_Lasswell_nouns": -2.9794518822525813,
        "Anger_GALC_verbs": 0.44689201252259525,
        "Boredom_GALC_verbs": 1.016997338679471,
        "Feelinglove_GALC_verbs": 0.45564091257154954,
        "Interest/Enthusiasm_GALC_verbs": 0.10812476540044236,
        "Relief_GALC_verbs": 0.6204852276354291,
        "Shame_GALC_verbs": 0.6525228429557824,
        "Anticipation_EmoLex_verbs": -0.6330868697146763,
        "Disgust_EmoLex_verbs": -0.6217463385772491,
        "attention_verbs": -0.7903262375092722,
        "hu_liu_prop_verbs": -1.104037192639311,
        "Hostile_GI_verbs": 1.289527916837008,
        "Power_GI_verbs": -0.5870315807339337,
        "Passive_GI_verbs": -0.9957157792228838,
        "Feel_GI_verbs": -0.47724024511242785,
        "Vice_GI_verbs": -0.7212489016419719,
        "Undrst_GI_verbs": 0.7025019998425648,
        "Econ_2_GI_verbs": -0.9498594212312322,
        "Econ_GI_verbs": 0.5614639219872576,
        "Relig_GI_verbs": -0.8553809542662922,
        "Socrel_GI_verbs": -0.964766295261119,
        "Race_GI_verbs": 0.6448012586884617,
        "Object_GI_verbs": -0.5237323597243573,
        "Comform_GI_verbs": 0.5970341153523536,
        "Travel_GI_verbs": 0.5328707734959355,
        "Know_GI_verbs": 1.8679920709483333,
        "Causal_GI_verbs": -1.614248127389434,
        "Ought_GI_verbs": 0.7827189312838801,
        "Ord_GI_verbs": 0.632562120046022,
        "Rel_GI_verbs": 0.2909463356240376,
        "Ipadj_GI_verbs": 0.4765468520969803,
        "Powpt_Lasswell_verbs": 1.4724811471656611,
        "Powdoct_Lasswell_verbs": -0.9994139160399574,
        "Rcethic_Lasswell_verbs": 1.2450064521016122,
        "Rcrelig_Lasswell_verbs": 0.49018277235685476,
        "Rsploss_Lasswell_verbs": 1.2154556261128742,
        "Rspoth_Lasswell_verbs": -0.5883690033403286,
        "Affgain_Lasswell_verbs": 0.3714798194935422,
        "Wltpt_Lasswell_verbs": 0.34642147170532056,
        "Trngain_Lasswell_verbs": 0.8294516338597548,
        "Endslw_Lasswell_verbs": 0.7539833572695546,
        "Negaff_Lasswell_verbs": 0.8344176923505991,
        "Posaff_Lasswell_verbs": -0.4528493908423904,
        "Anxiety_GALC_adjectives": -0.28156267584856026,
        "Disgust_GALC_adjectives": 0.4537741354298618,
        "Joy_GALC_adjectives": -0.4897351108376219,
        "Anticipation_EmoLex_adjectives": -0.7169068868921271,
        "attention_adjectives": 0.7147016745439746,
        "hu_liu_prop_adjectives": 0.2359255094178085,
        "Pstv_GI_adjectives": 0.33391223217359833,
        "Virtue_GI_adjectives": -0.4476034462599528,
        "Academ_GI_adjectives": 0.4208686351991221,
        "Milit_GI_adjectives": 0.9380545626043063,
        "Role_GI_adjectives": -1.1586834406399362,
        "Race_GI_adjectives": -0.6284688663552361,
        "Female_GI_adjectives": 0.959465643830683,
        "Region_GI_adjectives": -0.6736968635721221,
        "Aquatic_GI_adjectives": -0.8017309711814723,
        "Food_GI_adjectives": 0.8736957279219799,
        "Try_GI_adjectives": 0.13559366353740068,
        "Persist_GI_adjectives": 0.46833441160721956,
        "Complet_GI_adjectives": 0.7536925104727337,
        "Know_GI_adjectives": 0.9200169320510332,
        "Abs_2_GI_adjectives": 0.4643134995924896,
        "Rel_GI_adjectives": -0.7201940513999444,
        "No_GI_adjectives": -0.6967680250757297,
        "Powaren_Lasswell_adjectives": -1.0274547689707239,
        "Powcon_Lasswell_adjectives": -0.47025322286997817,
        "Powcoop_Lasswell_adjectives": -0.6565601863974226,
        "Powaupt_Lasswell_adjectives": 0.518085048040288,