{
    "model": "LogisticRegression",
    "feat_set": "col-rfe-kbest",
    "coefficients": {
        "Relaxation/Serenity_GALC": -0.702437968043071,
        "Tension/Stress_GALC": -0.6402249896362264,
        "aptitude": -0.19986147901943835,
        "vader_neutral": 0.3198305017437468,
        "Ngtv_GI": 1.0461076954071975,
        "Submit_GI": -0.5335978248742173,
        "Coll_GI": 0.23439284253757467,
        "Male_GI": 0.7654157214462208,
        "Hu_GI": 0.36598361310216326,
        "Tool_GI": 0.8322984653977464,
        "Means_GI": 0.6953701343576111,
        "Know_GI": -1.598815036127201,
        "Yes_GI": 0.19405030711684768,
        "Powgain_Lasswell": -0.3379039673784747,
        "Powoth_Lasswell": -0.78838058578879,
        "Enloth_Lasswell": 0.9763911761379869,
        "Nation_Lasswell": 0.346932331937403,
        "If_Lasswell": -1.11839123741145,
        "Notlw_Lasswell": 0.8587734013102432,
        "attention_neg_3": -0.9282166842055154,
        "Say_GI_neg_3": 1.304208515624749,
        "Quan_GI_neg_3": -1.784666172764833,
        "Dist_GI_neg_3": 0.9444555708102106,
        "Negate_GI_neg_3": -0.13204475493128914,
        "Intrj_GI_neg_3": 0.8432799116857304,
        "Powaren_Lasswell_neg_3": 0.5387336166925828,
        "Wlttot_Lasswell_neg_3": 1.387765963413713,
        "Happiness_GALC_nouns": -0.5447206248021066,
        "sensitivity_nouns": 0.6553595143201311,
        "Passive_GI_nouns": 0.5061734874316927,
        "Feel_GI_nouns": -0.6724373008894058,
        "Emot_GI_nouns": 0.0892861118287078,
        "Need_GI_nouns": -1.1846997221138162,
        "Causal_GI_nouns": -0.5976293136482922,
        "Compare_GI_nouns": -0.29674969151717323,
        "Enlgain_Lasswell_nouns": 1.0262769647204442,
        "Tranlw_Lasswell_nouns": 1.1096335822331402,
        "Notlw_Lasswell_nouns": -2.4617560561436647,
        "Boredom_GALC_verbs": 0.7288617635532895,
        "Anticipation_EmoLex_verbs": -0.30539763821425464,
        "Disgust_EmoLex_verbs": -0.4679050681433235,
        "attention_verbs": -0.39584002133441604,
        "hu_liu_prop_verbs": -0.9189400843154685,
        "Strong_GI_verbs": -0.09235823268058646,
        "Power_GI_verbs": -0.8876366003169583,
        "Submit_GI_verbs": -0.7508520889453217,
        "Passive_GI_verbs": -0.17912023570402602,
        "Undrst_GI_verbs": 0.906885365943405,
        "Econ_GI_verbs": 0.18674047186014436,
        "Comform_GI_verbs": 0.5638037451632635,
        "Know_GI_verbs": 0.6843776100788717,
        "Causal_GI_verbs": -1.4558026829416812,
        "Ought_GI_verbs": 0.726707336968447,
        "Powpt_Lasswell_verbs": 1.5346155648614093,
        "Powdoct_Lasswell_verbs": -0.7666343455949686,
        "Rcethic_Lasswell_verbs": 0.7697307265966026,
        "Posaff_Lasswell_verbs": -0.5414267875055331,
        "Anxiety_GALC_adjectives": -0.568690437284532,
        "attention_adjectives": 0.36145995936759384,
        "hu_liu_prop_adjectives": 0.07501896374705327,
        "Pstv_GI_adjectives": 0.13497429050017823,
        "Role_GI_adjectives": -0.9002505074160709,
        "Region_GI_adjectives": -0.8065388488878025,
        "Aquatic_GI_adjectives": -0.8563842858229436,
        "Food_GI_adjectives": 0.8403798465156479,
        "Persist_GI_adjectives": 0.6528452313932971,
        "Know_GI_adjectives": 0.5357655408142842,
        "Powaupt_Lasswell_adjectives": 0.23978426749519618,
        "Powtot_Lasswell_adjectives": 0.2224675294920158,
        "Rsploss_Lasswell_adjectives": -0.9589657368231325,
        "Skloth_Lasswell_adjectives": -0.40952037658287627,
        "Endslw_Lasswell_adjectives": -0.3973632277734544,
        "Posaff_Lasswell_adjectives": -0.6030665841083487,
        "vader_positive_adverbs": -0.19995307734727616,
        "Causal_GI_adverbs": 0.32588939535931694,
        "Powcoop_Lasswell_adverbs": 1.4137920841667257,
        "Arousal_nwords_nouns_neg_3": 0.6621094332757218,
        "Persist_GI_nouns_neg_3": 1.038077452250525,
        "Space_GI_nouns_neg_3": 0.5148659598889807,
        "Sv_GI_nouns_neg_3": -0.5084853388346547,
        "Rctot_Lasswell_nouns_neg_3": -0.6086451337402873,
        "Emot_GI_verbs_neg_3": -0.6001662156036496,
        "Ovrst_GI_verbs_neg_3": 0.801591224427924,
        "Begin_GI_verbs_neg_3": -0.24531371637328686,
        "Rise_GI_verbs_neg_3": 0.5387725068268646,
        "Sv_GI_verbs_neg_3": 1.3887607698078077,
        "Wlttot_Lasswell_verbs_neg_3": -0.24010548001396526,
        "Sklasth_Lasswell_verbs_neg_3": 0.4499436682088355,
        "Timespc_Lasswell_verbs_neg_3": -1.0535838794167178,
        "Increas_GI_adjectives_neg_3": -0.6400035548155463,
        "Decreas_GI_adjectives_neg_3": 0.615741771187421,
        "Ord_GI_adjectives_neg_3": 0.4162620837189627,
        "Iav_GI_adjectives_neg_3": 0.42856129772708007,
        "Anticipation_EmoLex_adverbs_neg_3": 0.011309708138628263,
        "Surprise_EmoLex_adverbs_neg_3": -0.22100387190684526,
        "Virtue_GI_adverbs_neg_3": 1.3217417964595515,
        "Region_GI_adverbs_neg_3": -1.0242485455802157,
        "Vary_GI_adverbs_neg_3": -0.7890012657207573,
        "Know_GI_adverbs_neg_3": -0.01869490098299502,
        "Eval_GI_adverbs_neg_3": 1.011045294236466,
        "Abs_GI_adverbs_neg_3": -0.905370171993034,
        "social_order_component": -0.4554613793337765,
        "basic_nfunction_types": -1.2907564653032595,
        "lexical_density_tokens": 0.7629658711539735,
        "ttr": 1.195075419572502,
        "first_person": 0.7232079312741319,
        "SCONJ": 0.5271802114272842,
        "ADV": 0.2106178517084166,
        "NOUN": 1.2170056356747716,
        "ADP": 1.0261096817921738,
        "NUM": 0.8628332186139075,
        "VERB": 1.3266463117925724,
        "ADJ": 0.6208051505840274,
        "PUNCT": 0.28611800988587793
    },
    "intercept": -2.2905525432633818,
    "scores": {
        "False": {
            "precision": 0.6097560975609756,
            "recall": 0.423728813559322,
            "f1-score": 0.5,
            "support": 767.0
        },
        "True": {
            "precision": 0.6987048398091343,
            "recall": 0.8313057583130575,
            "f1-score": 0.7592592592592593,
            "support": 1233.0
        },
        "accuracy": 0.675,
        "macro avg": {
            "precision": 0.654230468685055,
            "recall": 0.6275172859361897,
            "f1-score": 0.6296296296296297,
            "support": 2000.0
        },
        "weighted avg": {
            "precision": 0.6645929971569654,
            "recall": 0.675,
            "f1-score": 0.6598333333333334,
            "support": 2000.0
        }
    }
}