{
    "model": "LogisticRegression",
    "args": {
        "features_filename": "12091031_all_features.csv.gz",
        "responses_filename": "responses/12091031_parsed_turbo_10000_eval.jsonl",
        "save": true,
        "selection_methods": "kbest-rfe",
        "ensemble": false,
        "feature_types": "all",
        "feature_set_sources": "",
        "existing_splits": true,
        "balance": false
    },
    "coefficients": {
        "nwords": -1.035209103350241,
        "Anxiety_GALC": -0.3747211526984801,
        "vader_neutral": 0.758938270924011,
        "hu_liu_prop": -0.042188479816355526,
        "Ngtv_GI": 1.4556887648026258,
        "Power_GI": -0.3460271174286863,
        "Submit_GI": -0.6655609284319658,
        "Feel_GI": -0.7419129375528611,
        "Econ_2_GI": -0.7076185063041931,
        "Econ_GI": -0.8581083759965387,
        "Exprsv_GI": -0.6444827484933561,
        "Socrel_GI": 0.680959163018164,
        "Female_GI": -0.443538043616795,
        "Hu_GI": 0.5881552417250441,
        "Object_GI": 0.4290046631670601,
        "Tool_GI": 0.921809222620765,
        "Dist_GI": 0.42989530479678856,
        "Time_GI": -0.164336423033567,
        "Yes_GI": 0.963124798664924,
        "No_GI": -0.7960845571293246,
        "Intrj_GI": -0.1085457777512491,
        "Iav_GI": 0.681392475502569,
        "Powgain_Lasswell": -0.4559381937954435,
        "Powpt_Lasswell": 0.5808030955950296,
        "Powoth_Lasswell": -0.19727539713826647,
        "Powtot_Lasswell": -0.47776130571773856,
        "Enloth_Lasswell": 0.6940197449585439,
        "Nation_Lasswell": 0.6885874154684936,
        "If_Lasswell": -0.5448099089429429,
        "formlw_Lasswell": 0.6193191031061452,
        "hu_liu_neg_nwords_neg_3": 0.6607904728576658,
        "hu_liu_prop_neg_3": 0.042661388768084146,
        "Feel_GI_neg_3": -0.32886472406916895,
        "Emot_GI_neg_3": 0.910094708157621,
        "Econ_2_GI_neg_3": -0.3989290929745197,
        "Exprsv_GI_neg_3": -0.6941259747484715,
        "Work_GI_neg_3": -0.9274351562504756,
        "Com_GI_neg_3": -0.9975965817164513,
        "Say_GI_neg_3": 0.6260556996722261,
        "Travel_GI_neg_3": 0.635270706890856,
        "Know_GI_neg_3": -1.7727324159128903,
        "Quan_GI_neg_3": -0.8485627679044548,
        "Dist_GI_neg_3": 0.807175027035543,
        "Time_GI_neg_3": 0.65726109427347,
        "Self_GI_neg_3": -1.184427713385693,
        "Yes_GI_neg_3": 0.40824939587236186,
        "No_GI_neg_3": -0.7286135323510718,
        "Negate_GI_neg_3": 1.1608755877347734,
        "Intrj_GI_neg_3": 0.8031136849296391,
        "Iav_GI_neg_3": -0.4789556871262074,
        "Dav_GI_neg_3": 0.44802043445807427,
        "Powgain_Lasswell_neg_3": -0.2625947592437149,
        "Powends_Lasswell_neg_3": 0.20050939721998184,
        "Powdoct_Lasswell_neg_3": -0.4929233928428548,
        "Wlttran_Lasswell_neg_3": 0.7688691882776931,
        "Wlttot_Lasswell_neg_3": 1.057778135269064,
        "Enlgain_Lasswell_neg_3": -0.36540158000614226,
        "Enlends_Lasswell_neg_3": 0.7759798205745009,
        "Enloth_Lasswell_neg_3": 0.7755437866667775,
        "Trngain_Lasswell_neg_3": 0.45475414313929374,
        "Nation_Lasswell_neg_3": 0.5878268209222308,
        "If_Lasswell_neg_3": -1.3902489173749804,
        "Relaxation/Serenity_GALC_nouns": -0.3959193082637958,
        "Surprise_GALC_nouns": -0.6124154676943111,
        "Tension/Stress_GALC_nouns": -0.4348833540861444,
        "Valence_nwords_nouns": 0.45831985420021626,
        "vader_negative_nouns": 0.16746452962997443,
        "vader_positive_nouns": 0.46790461413184103,
        "hu_liu_neg_perc_nouns": -0.9217269195163373,
        "Active_GI_nouns": 0.28185802883904915,
        "Passive_GI_nouns": 0.3367498835642194,
        "Feel_GI_nouns": 0.23632196907575717,
        "Ovrst_GI_nouns": -0.32428580567360404,
        "Econ_2_GI_nouns": 0.6273733526942776,
        "Econ_GI_nouns": 0.6024936466954568,
        "Exprsv_GI_nouns": 0.3097496579784421,
        "Relig_GI_nouns": -0.3893098637988313,
        "Comform_GI_nouns": -0.7652143149669982,
        "Need_GI_nouns": -0.3607343188797391,
        "Persist_GI_nouns": 0.46673823845971313,
        "Causal_GI_nouns": -0.5037338791715266,
        "Compare_GI_nouns": -0.25437979530844634,
        "Solve_GI_nouns": -0.6318836685296627,
        "Abs_2_GI_nouns": 1.357966503776589,
        "Negate_GI_nouns": -1.8768415468703563,
        "Iav_GI_nouns": 0.2551720437008155,
        "Sv_GI_nouns": -0.7735595791503648,
        "Powaren_Lasswell_nouns": 0.6828895875194649,
        "Rcethic_Lasswell_nouns": -0.6827940762684617,
        "Enloth_Lasswell_nouns": 0.2807901485222188,
        "Notlw_Lasswell_nouns": -1.5591578280318292,
        "Boredom_GALC_verbs": 0.5250439798636595,
        "Pride_GALC_verbs": -0.4130949932736452,
        "Sadness_GALC_verbs": -0.5574902679260116,
        "Anticipation_EmoLex_verbs": -0.5173124480510719,
        "Trust_EmoLex_verbs": 0.19339262367635746,
        "vader_positive_verbs": 0.41627827551254426,
        "hu_liu_prop_verbs": -0.4768073235092719,
        "Power_GI_verbs": -0.3908511859617208,
        "Pleasur_GI_verbs": -1.4576030905368325,
        "Emot_GI_verbs": -1.0352362864078255,
        "Ovrst_GI_verbs": -0.45223321587181603,
        "Undrst_GI_verbs": 0.6667181248898761,
        "Coll_GI_verbs": 0.4346742996378349,
        "Socrel_GI_verbs": 0.9826871215699191,
        "Race_GI_verbs": 0.4011666469705183,
        "Place_GI_verbs": -0.49283540670980563,
        "Region_GI_verbs": -0.1206271717728884,
        "Comform_GI_verbs": 0.6943242612496526,
        "Begin_GI_verbs": -0.5476431070708596,
        "Decreas_GI_verbs": -0.767392737124306,
        "Know_GI_verbs": 0.8835476745247329,
        "Causal_GI_verbs": -0.13810941588433714,
        "Ought_GI_verbs": 0.5238058326262748,
        "Pos_GI_verbs": 0.4227177007576805,
        "Intrj_GI_verbs": -0.6859300568105694,
        "Sv_GI_verbs": 0.5685288045840005,
        "Powcon_Lasswell_verbs": 0.31977260068320207,
        "Powpt_Lasswell_verbs": 0.6938588488336015,
        "Powoth_Lasswell_verbs": -0.6214828863390831,
        "Rcends_Lasswell_verbs": -0.3131468584425858,
        "Wlbphys_Lasswell_verbs": -0.2829919549751331,
        "Wlbpt_Lasswell_verbs": 0.3539324467000222,
        "Wlbtot_Lasswell_verbs": 0.495843892148627,
        "Enlends_Lasswell_verbs": -1.057584118352712,
        "Enloth_Lasswell_verbs": -0.8380321884289245,
        "Sklpt_Lasswell_verbs": -0.5943624985970771,
        "Tranlw_Lasswell_verbs": -0.47489272997632526,
        "Notlw_Lasswell_verbs": -0.6579563088879566,
        "Hatred_GALC_adjectives": -0.4539451178745945,
        "Fear_EmoLex_adjectives": 0.43089268612131926,
        "Joy_EmoLex_adjectives": 0.550341961379708,
        "Positive_EmoLex_adjectives": 0.8147164612746117,
        "Arousal_nwords_adjectives": -0.6571540895662931,
        "Dominance_nwords_adjectives": -0.3714643776826537,
        "vader_negative_adjectives": 0.47419519221329953,
        "vader_compound_adjectives": 0.43001094140163637,
        "hu_liu_prop_adjectives": 0.31704414744137954,
        "Pstv_GI_adjectives": 0.32890306148447757,
        "Ngtv_GI_adjectives": -1.108620809949213,
        "Econ_2_GI_adjectives": 0.4237479819637232,
        "Female_GI_adjectives": 0.4783693103504671,
        "Region_GI_adjectives": -0.2723073052170707,
        "Route_GI_adjectives": -0.5160250048897924,
        "Aquatic_GI_adjectives": -0.6422734305263315,
        "Food_GI_adjectives": 0.5819449948876997,
        "Comnobj_GI_adjectives": -0.852959416093934,
        "Persist_GI_adjectives": 0.8562785412998596,
        "Increas_GI_adjectives": -0.914410672887524,
        "Decreas_GI_adjectives": 0.6050059529771388,
        "Know_GI_adjectives": 0.3979341318628653,
        "Causal_GI_adjectives": 0.7932227645752994,
        "Ought_GI_adjectives": -0.14794535076282464,
        "Eval_2_GI_adjectives": -0.3137823515374045,
        "Eval_GI_adjectives": 0.34529697322045705,