{
    "model": "LogisticRegression",
    "args": {
        "features_filename": "12091031_all_features.csv.gz",
        "responses_filename": "12091031_parsed_turbo_10000_eval.jsonl",
        "save": true,
        "selection_methods": "col-rfe",
        "ensemble": false,
        "feature_types": "all",
        "feature_set_sources": "",
        "existing_splits": true
    },
    "coefficients": {
        "Compassion_GALC": -0.8247322054004591,
        "Fear_GALC": 0.4618319294285343,
        "Relaxation/Serenity_GALC": -0.7917138926173842,
        "Surprise_GALC": -0.2164986002471843,
        "Tension/Stress_GALC": -0.3471911371784576,
        "sensitivity": -0.5685486308426632,
        "vader_neutral": 0.6359158907118143,
        "Pstv_GI": 0.8060229606074237,
        "Ngtv_GI": 0.7239341600533309,
        "Hostile_GI": -1.1949993157362722,
        "Submit_GI": -1.0014022784528582,
        "Passive_GI": 1.0477373926134208,
        "Arousal_GI": 1.3167073178807736,
        "Coll_GI": 0.6109292086420105,
        "Socrel_GI": 0.5011847898852381,
        "Hu_GI": 0.7672728777991943,
        "Tool_GI": 1.2059403040821628,
        "Bldgpt_GI": 0.4113786965025566,
        "Try_GI": -0.8180153979715439,
        "Means_GI": 0.623025487753722,
        "Complet_GI": -0.5732901416012316,
        "Travel_GI": 0.6654755734410757,
        "Know_GI": -2.5243564224223025,
        "Perceiv_GI": 0.7420292031511697,
        "Yes_GI": 1.2859466202774101,
        "Ipadj_GI": 1.0381623826553221,
        "Powgain_Lasswell": -0.767916167734392,
        "Powaupt_Lasswell": -1.013216035855476,
        "Powoth_Lasswell": -1.0859756851601783,
        "Enloth_Lasswell": 0.6227755293662318,
        "Endslw_Lasswell": 0.7524455216062346,
        "Nation_Lasswell": 0.6519066848081561,
        "Negaff_Lasswell": -0.5710003458870884,
        "If_Lasswell": -1.200762472424441,
        "Admiration/Awe_GALC_neg_3": 0.7023966474478551,
        "Contempt_GALC_neg_3": 0.49922730831272744,
        "Longing_GALC_neg_3": 1.0098747011803262,
        "attention_neg_3": -1.5803482475713373,
        "Emot_GI_neg_3": -0.48395979583722387,
        "Undrst_GI_neg_3": 0.7705234632344959,
        "Legal_GI_neg_3": 0.2758389752278816,
        "Say_GI_neg_3": 1.0142364268354003,
        "Goal_GI_neg_3": 0.7106663906017339,
        "Fetch_GI_neg_3": 0.5918457197480687,
        "Compare_GI_neg_3": 2.1046212113851803,
        "Quan_GI_neg_3": -2.252178786593351,
        "Dist_GI_neg_3": 0.7402185706396719,
        "Dim_GI_neg_3": 0.3837193990313248,
        "Our_GI_neg_3": 1.0177103055287535,
        "Intrj_GI_neg_3": 0.5455921326186656,
        "Wlttot_Lasswell_neg_3": 0.9088964200639454,
        "Skloth_Lasswell_neg_3": -0.6462977855951297,
        "Anomie_Lasswell_neg_3": 0.543235743070121,
        "Gratitude_GALC_nouns": -0.7072793972626279,
        "Happiness_GALC_nouns": -0.47973198503031,
        "Hatred_GALC_nouns": -0.28948114992498913,
        "Relief_GALC_nouns": -0.6709323383101972,
        "sensitivity_nouns": 0.9082440178968486,
        "hu_liu_prop_nouns": -0.6768003975209878,
        "Passive_GI_nouns": -0.5535119015986529,
        "Virtue_GI_nouns": 0.5494555944929032,
        "Female_GI_nouns": -0.7704795263114156,
        "Land_GI_nouns": -0.4642537142198313,
        "Need_GI_nouns": -0.7851106682000131,
        "Complet_GI_nouns": 0.4664598465254836,
        "Begin_GI_nouns": -0.3678257664388599,
        "Vary_GI_nouns": 0.5651252011423786,
        "Increas_GI_nouns": -0.8902668654701748,
        "Exert_GI_nouns": -0.26751554225360397,
        "Know_GI_nouns": 2.4824563798677826,
        "Causal_GI_nouns": -0.8022194740138937,
        "Compare_GI_nouns": -0.9825956307951186,
        "Quality_GI_nouns": -1.0178895774835819,
        "Dav_GI_nouns": -0.5116601967030123,
        "Indadj_GI_nouns": 0.8498162304530652,
        "Powloss_Lasswell_nouns": -0.3587660671133713,
        "Powcon_Lasswell_nouns": -0.3451038250302076,
        "Powtot_Lasswell_nouns": 0.6795272555482025,
        "Wlbloss_Lasswell_nouns": 0.8055497345597034,
        "Wlbpsyc_Lasswell_nouns": 0.7479000974890485,
        "Enlgain_Lasswell_nouns": 0.43081370592768464,
        "Tranlw_Lasswell_nouns": 0.6240284623767607,
        "Anomie_Lasswell_nouns": 0.31485901919320614,
        "Notlw_Lasswell_nouns": -2.928662822581689,
        "Anger_GALC_verbs": 0.5818045389423496,
        "Boredom_GALC_verbs": 0.758635277461381,
        "Feelinglove_GALC_verbs": -0.05714032681669255,
        "Longing_GALC_verbs": 0.4780966248527352,
        "Relief_GALC_verbs": 0.7966902045475845,
        "Shame_GALC_verbs": 0.44298656892206245,
        "Anticipation_EmoLex_verbs": -0.5405509391838539,
        "Disgust_EmoLex_verbs": -0.4521439620303953,
        "attention_verbs": -0.3312372997879293,
        "hu_liu_prop_verbs": -1.1112970836854419,
        "Hostile_GI_verbs": 1.3358356867537575,
        "Strong_GI_verbs": -0.361723918333712,
        "Power_GI_verbs": -0.7948487691712574,
        "Passive_GI_verbs": -1.124200271743236,
        "Feel_GI_verbs": -0.37901523533520787,
        "Vice_GI_verbs": -0.5554202473056432,
        "Econ_2_GI_verbs": -1.039187860600199,
        "Relig_GI_verbs": -0.656413772209795,
        "Socrel_GI_verbs": -0.8998221285555915,
        "Race_GI_verbs": 0.6483101918629577,
        "Object_GI_verbs": -0.5185533237912953,
        "Think_GI_verbs": -0.6118982467887237,
        "Know_GI_verbs": 1.9489253297909337,
        "Causal_GI_verbs": -1.3337001392173349,
        "Ought_GI_verbs": 0.812789256484238,
        "Ord_GI_verbs": 1.1292999993610875,
        "Rel_GI_verbs": 0.8040022496640808,
        "Iav_GI_verbs": 0.41318578571850934,
        "Ipadj_GI_verbs": 0.6501509641051645,
        "Powpt_Lasswell_verbs": 0.8638778092597132,
        "Powdoct_Lasswell_verbs": -0.4480793895826679,
        "Rcethic_Lasswell_verbs": 1.0820957354022176,
        "Rcrelig_Lasswell_verbs": 0.982011091641046,
        "Rsploss_Lasswell_verbs": 0.9882733574534409,
        "Affgain_Lasswell_verbs": 0.5181336897543869,
        "Wltpt_Lasswell_verbs": 0.7804399666238041,
        "Trngain_Lasswell_verbs": 0.8385761619518501,
        "Endslw_Lasswell_verbs": 0.5312995670442329,
        "Arenalw_Lasswell_verbs": 0.7393384748007072,
        "Posaff_Lasswell_verbs": -0.7736618345844467,
        "formlw_Lasswell_verbs": 0.9264651148676679,
        "Anxiety_GALC_adjectives": -1.0390891934579767,
        "Disgust_GALC_adjectives": 0.5215320437499062,
        "Jealousy_GALC_adjectives": -0.49666583090291855,
        "Joy_GALC_adjectives": -0.6347540881024107,
        "attention_adjectives": 0.677651495094754,
        "hu_liu_neg_nwords_adjectives": 0.774371237037564,
        "hu_liu_prop_adjectives": 0.25961997060254544,
        "Academ_GI_adjectives": 0.6738154191439584,
        "Role_GI_adjectives": -0.7815594373177104,
        "Race_GI_adjectives": -0.596591647636029,
        "Female_GI_adjectives": 0.5657213279956754,
        "Region_GI_adjectives": -0.5889668061867288,
        "Aquatic_GI_adjectives": -1.1437688783792497,
        "Food_GI_adjectives": 0.9148433877186644,
        "Persist_GI_adjectives": 0.7624176966806558,
        "Complet_GI_adjectives": 0.5827395538378726,
        "Rise_GI_adjectives": -0.5564325512546989,
        "Know_GI_adjectives": 0.8477492368852622,
        "Abs_2_GI_adjectives": 0.5316515158041861,
        "Abs_GI_adjectives": -0.5647899074568161,
        "Rel_GI_adjectives": -0.937511949123978,
        "Color_GI_adjectives": 0.4294235549750417,
        "No_GI_adjectives": -0.7519709904728575,
        "Powaren_Lasswell_adjectives": -0.6252791921216143,
        "Powcon_Lasswell_adjectives": -0.6554728661806692,
        "Powcoop_Lasswell_adjectives": -0.8264631202315134,
        "Powaupt_Lasswell_adjectives": 0.38250127542642215,
        "Powtot_Lasswell_adjectives": 0.9331329936189134,
        "Rsploss_Lasswell_adjectives": -1.52250741079834,
        "Wlbpt_Lasswell_adjectives": -1.04387771113287,