{
    "model": "LogisticRegression",
    "args": {
        "features_filename": "12091031_all_features.csv.gz",
        "responses_filename": "responses/12091031_parsed_turbo_10000_eval.jsonl",
        "save": true,
        "selection_methods": "kbest-rfe",
        "ensemble": false,
        "feature_types": "all",
        "feature_set_sources": "classification/stats/12091031_2255_rfe_all_10000.json",
        "existing_splits": true,
        "balance": false
    },
    "coefficients": {
        "Negate_GI_neg_3": 0.8522040474520693,
        "Econ_2_GI": -0.8421922205091917,
        "hu_liu_neg_perc_nouns": -0.8135760653825184,
        "Abs_2_GI_nouns_neg_3": -1.2913033043352897,
        "If_Lasswell_nouns_neg_3": 0.6049177237242073,
        "Ought_GI_verbs": 1.4075797203964135,
        "Need_GI_nouns_neg_3": -0.9783612555100002,
        "Anxiety_GALC_adjectives_neg_3": -0.8877941593271499,
        "Valence_nwords_nouns": 0.6563140220443546,
        "Abs_2_GI_nouns": 1.4148452914223966,
        "Virtue_GI_verbs_neg_3": -0.5841837239172329,
        "nwords": -0.9523556472627198,
        "Eval_GI_adverbs_neg_3": 1.0875393057635176,
        "Boredom_GALC_verbs": 0.7938613693016153,
        "cogency": -0.9271518747784546,
        "Enloth_Lasswell_neg_3": 0.7250370499889269,
        "ttr": 1.429033478488773,
        "Rcethic_Lasswell_adverbs": 0.959859846098308,
        "Powdoct_Lasswell_verbs_neg_3": -0.9738053222463067,
        "Increas_GI_adjectives": -0.8833409902707137,
        "If_Lasswell_neg_3": -1.9959917294351661,
        "Powpt_Lasswell_verbs": 1.1707294479019874,
        "Vary_GI_adverbs": -0.4743573831062964,
        "If_Lasswell_adverbs_neg_3": 0.8211754464317768,
        "Sv_GI_nouns": -0.6287945927486134,
        "Decreas_GI_adjectives": 0.5736719880273786,
        "Intrj_GI_neg_3": 0.9021425910454385,
        "Vary_GI_adverbs_neg_3": -0.4121126101446607,
        "Aquatic_GI_adjectives_neg_3": -0.7678780491334591,
        "Region_GI_adverbs_neg_3": -0.6760242793870117,
        "Causal_GI_verbs": -0.32178823047602084,
        "Decreas_GI_adjectives_neg_3": 0.5987930566881652,
        "basic_ntokens": 0.7570572333052201,
        "Female_GI_adjectives": 0.4836712598686143,
        "Relaxation/Serenity_GALC_adverbs": -0.6797439926735355,
        "Yes_GI": 1.113034284574152,
        "Food_GI_adjectives": 0.8145734401878565,
        "Rsploss_Lasswell_adjectives_neg_3": -1.2902029702509037,
        "Enlends_Lasswell_neg_3": 0.8670846512002985,
        "Enloth_Lasswell": 0.5877519137067041,
        "Powcoop_Lasswell_adverbs_neg_3": 1.031958218188814,
        "gunningFog": -0.898875500864499,
        "Quan_GI": -0.8475646325883743,
        "Socrel_GI_verbs_neg_3": -1.1055495489333815,
        "Know_GI_neg_3": -1.6598169410168606,
        "Role_GI_adjectives_neg_3": -0.6145925840714801,
        "Relaxation/Serenity_GALC_adverbs_neg_3": -0.6563526531253765,
        "interactivity_2": 0.8288858290963041,
        "Econ_2_GI_nouns": 0.7852601562172022,
        "Pleasur_GI_verbs": -1.6798230316389435,
        "Notlw_Lasswell_verbs_neg_3": -0.4852834169230577,
        "Powoth_Lasswell": -0.7399775559037363,
        "Persist_GI_nouns_neg_3": 1.2960636403432955,
        "Aquatic_GI_adjectives": -0.6902366611823343,
        "hu_liu_prop_verbs_neg_3": -0.6968067094785821,
        "Powgain_Lasswell_neg_3": -1.1192903907042522,
        "Know_GI_verbs_neg_3": 1.0897292768709705,
        "Coll_GI": 0.8973066112855295,
        "Pleasur_GI_verbs_neg_3": 0.4138276981009168,
        "Wlttot_Lasswell_neg_3": 1.0901614901511603,
        "Notlw_Lasswell_nouns": -1.4135465084737848,
        "Enlends_Lasswell_verbs": -1.3694975340986613,
        "Complet_GI_verbs_neg_3": -0.7112963171404879,
        "interactivity_3": -1.3213291351442806,
        "Rctot_Lasswell_nouns": -0.6319169373149203,
        "Interest/Enthusiasm_GALC_adverbs": 0.44107660508517077,
        "Quan_GI_adverbs": -0.7049844853704026,
        "Skltot_Lasswell_adjectives_neg_3": -0.7589548894555661,
        "Eval_GI_adverbs": 0.8665262797118836,
        "Submit_GI": -0.9696166598339114,
        "Say_GI_neg_3": 0.715610244939686,
        "Feel_GI": -0.9601134297423014,
        "Surprise_GALC_adverbs": -0.5161185798616807,
        "Active_GI_nouns": 0.4906763058337176,
        "Causal_GI_nouns": -0.7933606995596073,
        "Positive_EmoLex_adjectives_neg_3": -1.1288865867530375,
        "Negate_GI_nouns": -1.8146276102165386,
        "complex_words": 0.733739131306211,
        "Hope_GALC_adverbs": -0.781414525452322,
        "Fear_GALC_adverbs": 0.587610736425897,
        "Tension/Stress_GALC_adverbs": -0.9386025005462473,
        "Eval_2_GI_adverbs": -0.6447131819638343,
        "Happiness_GALC_nouns_neg_3": -0.42935570407353413,
        "Undrst_GI_verbs": 0.77631544124246,
        "No_GI_neg_3": -1.2553461519403184,
        "basic_nfunction_types": -0.7685311377338835,
        "If_Lasswell_adverbs": -0.8371179320446883,
        "Interest/Enthusiasm_GALC_adverbs_neg_3": 0.4529782602688867,
        "justification_2": 0.8083112000394937,
        "Surprise_GALC_nouns": -0.8985199520708,
        "Powtot_Lasswell_adjectives": 0.7225490404862694,
        "Passive_GI_nouns": 0.6066975059082574,
        "Causal_GI_verbs_neg_3": -0.90339741496246,
        "Powaren_Lasswell_nouns_neg_3": 0.8185200580384857,
        "Surelw_Lasswell_adjectives": -0.5423992210254363,
        "Land_GI_verbs": -0.6204230383099517,
        "Dist_GI_neg_3": 1.1478395418149445,
        "Compare_GI_nouns": -0.5571526155763225,
        "Positive_EmoLex_adjectives": 1.0764683609582208,
        "Fear_EmoLex_verbs_neg_3": -0.6376247201970109,
        "Ought_GI_adjectives": -0.14874658090782952,
        "Intrj_GI": -0.29415898127421986,
        "interactivity_0": -1.077163984263419,
        "Know_GI_verbs": 1.036791994109831,
        "Socrel_GI": 0.936134474531582,
        "hu_liu_neg_perc_nouns_neg_3": 0.8487190806117667
    },
    "intercept": 0.9921658000527651,
    "scores": {
        "False": {
            "precision": 0.6332046332046332,
            "recall": 0.43386243386243384,
            "f1-score": 0.5149136577708007,
            "support": 378.0
        },
        "True": {
            "precision": 0.7112010796221323,
            "recall": 0.8472668810289389,
            "f1-score": 0.7732942039618489,
            "support": 622.0
        },
        "accuracy": 0.691,
        "macro avg": {
            "precision": 0.6722028564133827,
            "recall": 0.6405646574456864,
            "f1-score": 0.6441039308663248,
            "support": 1000.0
        },
        "weighted avg": {
            "precision": 0.6817184228763176,
            "recall": 0.691,
            "f1-score": 0.6756263575016327,
            "support": 1000.0
        }
    }
}