{
    "If_Lasswell": {
        "coefficient": -0.6415153542091685,
        "p_value": 2.4462635302949916e-41,
        "vif": 1.0000000000000002
    },
    "Know_GI_verbs": {
        "coefficient": 0.6378020040172478,
        "p_value": 2.1105724565671287e-16,
        "vif": 0.9999999999999998
    },
    "basic_nfunction_types": {
        "coefficient": -0.6350752197126596,
        "p_value": 6.563767593529305e-63,
        "vif": 0.9999999999999976
    },
    "Quan_GI_neg_3": {
        "coefficient": -0.5875039726220488,
        "p_value": 4.62550835578228e-06,
        "vif": 0.9999999999999998
    },
    "Virtue_GI_adverbs_neg_3": {
        "coefficient": 0.5820481102150072,
        "p_value": 0.00584840893356404,
        "vif": 0.9999999999999987
    },
    "Eval_GI_adverbs_neg_3": {
        "coefficient": 0.5715620256480863,
        "p_value": 0.0022543459120613354,
        "vif": 1.0000000000000022
    },
    "Know_GI": {
        "coefficient": -0.5675698535449349,
        "p_value": 5.963054771046664e-07,
        "vif": 0.9999999999999996
    },
    "vader_neutral If_Lasswell": {
        "coefficient": -0.5173566602027507,
        "p_value": 5.861063380037753e-34,
        "vif": 0.9999999999999984
    },
    "Wlttot_Lasswell_neg_3": {
        "coefficient": 0.5112627346156715,
        "p_value": 2.508350202291416e-05,
        "vif": 1.0
    },
    "Need_GI_nouns": {
        "coefficient": -0.4920857720562387,
        "p_value": 1.504724541072124e-07,
        "vif": 1.0000000000000022
    },
    "Causal_GI_adverbs ttr": {
        "coefficient": 0.4827778036378788,
        "p_value": 4.2600369603705036e-38,
        "vif": 1.0000000000000007
    },
    "Powoth_Lasswell": {
        "coefficient": -0.48009862342431914,
        "p_value": 3.2365985329945e-11,
        "vif": 0.9999999999999969
    },
    "Enlgain_Lasswell_nouns": {
        "coefficient": 0.4701801611177458,
        "p_value": 3.487721434171682e-21,
        "vif": 0.9999999999999998
    },
    "vader_neutral VERB": {
        "coefficient": 0.45767877306809035,
        "p_value": 2.2652984873324555e-12,
        "vif": 1.0000000000000002
    },
    "Sv_GI_verbs_neg_3": {
        "coefficient": 0.4245213747709195,
        "p_value": 1.2441396184577652e-06,
        "vif": 0.9999999999999993
    },
    "Ngtv_GI": {
        "coefficient": 0.415445902111641,
        "p_value": 0.0003838074337976215,
        "vif": 1.0000000000000007
    },
    "Submit_GI": {
        "coefficient": -0.40890926814062534,
        "p_value": 6.632882704164963e-05,
        "vif": 0.9999999999999998
    },
    "vader_neutral Hu_GI": {
        "coefficient": 0.4042140404856982,
        "p_value": 1.848354224529018e-07,
        "vif": 1.0000000000000018
    },
    "ttr": {
        "coefficient": 0.3962646769784597,
        "p_value": 4.7393416130024985e-39,
        "vif": 0.9999999999999996
    },
    "Undrst_GI_verbs": {
        "coefficient": 0.39598272015905994,
        "p_value": 2.209404088890129e-09,
        "vif": 0.9999999999999982
    },
    "Tool_GI": {
        "coefficient": 0.3944635722258295,
        "p_value": 3.766586126990213e-06,
        "vif": 0.9999999999999996
    },
    "Undrst_GI_neg_3": {
        "coefficient": 0.39322335845158546,
        "p_value": 0.039438963597755124,
        "vif": 0.9999999999999984
    },
    "Sv_GI_verbs_neg_3 VERB": {
        "coefficient": 0.38545062795855267,
        "p_value": 1.0263268678024725e-19,
        "vif": 1.0
    },
    "Power_GI_verbs": {
        "coefficient": -0.37474749348009473,
        "p_value": 1.0050788628751995e-08,
        "vif": 1.0
    },
    "Yes_GI": {
        "coefficient": 0.35037998484046445,
        "p_value": 1.0252778949999353e-10,
        "vif": 1.0000000000000009
    },
    "vader_neutral Undrst_GI_neg_3": {
        "coefficient": 0.3336909997740311,
        "p_value": 0.0005361143500052381,
        "vif": 1.0000000000000018
    },
    "attention_neg_3 basic_nfunction_types": {
        "coefficient": -0.32189707685104296,
        "p_value": 6.923381174553515e-64,
        "vif": 0.9999999999999996
    },
    "vader_neutral ttr": {
        "coefficient": 0.31281945206323597,
        "p_value": 6.935635869679449e-44,
        "vif": 0.9999999999999998
    },
    "Sv_GI_nouns_neg_3": {
        "coefficient": -0.29884886514546993,
        "p_value": 4.366775098429279e-06,
        "vif": 1.0000000000000042
    },
    "lexical_density_tokens ttr": {
        "coefficient": 0.2849053861579505,
        "p_value": 2.2015377970905384e-33,
        "vif": 0.9999999999999998
    },
    "vader_neutral Know_GI": {
        "coefficient": -0.2791713736950628,
        "p_value": 0.002175719942374286,
        "vif": 1.0000000000000007
    },
    "vader_neutral Tool_GI": {
        "coefficient": 0.2785669012053012,
        "p_value": 1.8026721982162673e-07,
        "vif": 0.9999999999999962
    },
    "Socrel_GI_verbs": {
        "coefficient": -0.2773003036749745,
        "p_value": 2.1313689522843254e-09,
        "vif": 0.9999999999999991
    },
    "SCONJ": {
        "coefficient": 0.2772404617205515,
        "p_value": 0.0438385397816682,
        "vif": 1.0000000000000013
    },
    "Arousal_nwords_nouns_neg_3": {
        "coefficient": 0.2656905995790792,
        "p_value": 7.671903684803326e-05,
        "vif": 1.0000000000000004
    },
    "vader_neutral Know_GI_verbs": {
        "coefficient": 0.26153120543342284,
        "p_value": 3.477955241659586e-17,
        "vif": 1.0000000000000027
    },
    "ttr NOUN": {
        "coefficient": 0.25727300981613643,
        "p_value": 1.1575268691098893e-32,
        "vif": 0.9999999999999998
    },
    "Enloth_Lasswell": {
        "coefficient": 0.2547257067499956,
        "p_value": 1.3529437075938123e-12,
        "vif": 1.0
    },
    "aptitude basic_nfunction_types": {
        "coefficient": -0.25222507292189655,
        "p_value": 2.035166585158451e-59,
        "vif": 0.9999999999999998
    },
    "Notlw_Lasswell_nouns": {
        "coefficient": -0.24079828037758247,
        "p_value": 0.00011380432853027866,
        "vif": 1.0000000000000053
    },
    "vader_neutral Pstv_GI": {
        "coefficient": 0.23025413077413467,
        "p_value": 0.00041247703536915407,
        "vif": 1.0000000000000004
    },
    "Comform_GI_verbs": {
        "coefficient": 0.22980409250597253,
        "p_value": 4.4668069075885456e-08,
        "vif": 1.0000000000000009
    },
    "attention_verbs basic_nfunction_types": {
        "coefficient": -0.2296412737142104,
        "p_value": 4.2549572241702366e-63,
        "vif": 1.0
    },
    "hu_liu_prop_verbs": {
        "coefficient": -0.22292176020801732,
        "p_value": 3.307045874718728e-15,
        "vif": 0.9999999999999971
    },
    "vader_neutral lexical_density_tokens": {
        "coefficient": 0.21801687206842904,
        "p_value": 1.3829102527755281e-11,
        "vif": 1.0000000000000002
    },
    "Timespc_Lasswell_verbs_neg_3": {
        "coefficient": -0.21541236729705673,
        "p_value": 0.009021473697083468,
        "vif": 1.0000000000000027
    },
    "Begin_GI_verbs_neg_3": {
        "coefficient": -0.2129692373829651,
        "p_value": 0.03185562635803973,
        "vif": 1.0000000000000049
    },
    "Sv_GI_verbs_neg_3 NOUN": {
        "coefficient": 0.21129377427404764,
        "p_value": 5.569403445969657e-07,
        "vif": 1.0
    },
    "Anticipation_EmoLex_adjectives": {
        "coefficient": -0.20507247468176873,
        "p_value": 0.002505053448970729,
        "vif": 1.0000000000000016
    },
    "Passive_GI_verbs basic_nfunction_types": {
        "coefficient": -0.20272836992843382,
        "p_value": 6.733171236753216e-33,
        "vif": 0.9999999999999998
    },
    "Anticipation_EmoLex_verbs": {
        "coefficient": -0.19931890573986233,
        "p_value": 1.2014228351006645e-09,
        "vif": 1.0000000000000013
    },
    "vader_neutral Pstv_GI_adjectives": {
        "coefficient": 0.19399566362273732,